"","Month","WeekOfMonth","DayOfWeek","AccidentArea","DayOfWeekClaimed","MonthClaimed","WeekOfMonthClaimed","MaritalStatus","Fault","PolicyType","VehicleCategory","FraudFound","RepNumber","Deductible","DriverRating","PastNumberOfClaims","AgeOfVehicle","PoliceReportFiled","WitnessPresent","NumberOfSuppliments","AddressChange.Claim","NumberOfCars","Age.1","VehiclePrice.1"
"7",11,4,4,1,2,1,2,2,1,7,3,1,10,400,2,0,8,0,0,0,0,1,56,6
"11",12,2,5,2,5,1,2,2,1,1,1,1,12,400,3,0,6,0,0,0,0,1,33,6
"14",12,3,4,2,1,1,1,2,1,5,2,1,13,400,3,0,8,0,0,0,0,1,39,6
"20",12,5,3,2,3,1,1,1,1,2,1,1,1,400,4,2,7,0,0,3,0,1,43,3
"22",12,5,5,2,2,1,1,1,1,1,1,1,6,400,3,1,1,0,0,0,0,1,38,6
"25",1,1,1,2,3,1,1,2,1,1,1,1,8,400,2,0,7,0,0,0,1,1,538,1
"26",1,1,1,2,1,1,2,2,1,2,1,1,6,400,2,2,8,0,0,2,0,1,61,3
"27",1,1,2,2,3,1,4,1,1,1,1,1,7,400,3,0,1,0,0,0,0,1,28,6
"30",1,2,5,1,3,1,2,1,1,1,1,1,4,400,1,1,5,0,0,0,0,1,31,0.5
"39",1,2,3,2,1,1,4,2,1,1,1,1,5,400,3,0,6,0,0,0,0,1,29,1
"40",1,2,4,2,4,1,2,2,1,2,1,1,9,400,1,2,8,0,0,0,0,1,51,1
"44",1,3,1,1,3,1,3,2,1,3,2,1,2,400,1,2,7,0,0,0,0,1,42,2
"46",1,3,2,2,3,1,3,2,1,2,1,1,9,400,3,1,8,0,0,0,0,1,78,2
"48",1,3,4,2,3,2,2,2,1,1,1,1,14,400,4,2,5,0,0,2,0,1,35,1
"66",1,5,6,2,4,2,2,2,1,1,1,1,14,400,4,1,5,0,0,0,0,1,35,1
"67",1,5,7,1,5,3,4,2,1,1,1,1,6,400,3,2,5,0,0,1,4,2,46,1
"73",2,1,3,1,5,2,1,2,1,1,1,1,6,400,2,0,7,0,0,2,0,1,31,1
"74",2,1,3,2,1,2,2,2,1,3,2,1,7,400,4,3,8,0,0,3,0,1,79,2
"78",2,1,6,2,1,2,2,2,1,1,1,1,6,400,3,2,7,0,0,3,0,1,43,2
"81",2,1,6,2,2,2,2,2,1,2,1,1,4,400,2,2,6,0,0,0,0,1,31,1
"83",2,2,2,2,1,2,4,2,1,2,1,1,7,400,1,2,5,0,0,0,0,1,438,2
"92",2,3,6,1,5,4,1,2,1,2,1,1,9,400,3,1,8,0,0,3,0,3,65,1
"109",3,1,3,2,1,3,2,1,1,1,1,1,15,400,4,0,1,0,0,0,0,1,38,6
"116",3,1,6,2,3,3,3,1,1,1,1,1,16,400,1,0,1,0,0,0,0,1,38,6
"120",3,1,7,1,1,3,2,2,1,2,1,1,4,400,4,2,6,0,0,0,0,1,338,6
"125",3,2,1,2,5,4,1,1,1,7,3,1,11,400,2,1,7,0,0,3,0,1,29,6
"129",3,2,6,2,2,4,1,2,1,1,1,1,5,400,1,3,5,0,0,3,0,1,28,1
"131",2,1,7,2,5,2,4,2,0,2,1,1,6,500,3,2,7,0,0,3,3,1,438,2
"133",3,3,1,2,4,3,3,2,1,7,3,1,13,400,1,0,7,0,0,0,0,1,65,6
"140",3,3,6,2,2,3,4,2,1,1,1,1,13,400,4,1,7,0,0,0,0,1,55,3
"162",3,5,2,2,3,4,3,2,1,1,1,1,15,400,4,1,6,0,0,1,0,1,32,1
"163",3,5,3,2,1,4,2,2,1,3,2,1,15,400,1,2,8,0,0,1,0,1,51,6
"169",4,1,1,2,2,4,1,1,1,2,1,1,7,400,1,1,6,0,0,3,0,1,32,1
"170",4,1,1,2,5,4,4,2,1,1,1,1,16,400,3,1,6,0,0,0,0,1,33,0.5
"171",4,1,2,2,5,4,2,2,1,1,1,1,12,400,4,1,8,0,0,0,0,1,54,2
"194",4,3,3,2,4,5,2,2,1,1,1,1,2,400,4,1,6,0,0,3,0,1,32,1
"197",4,4,5,2,2,4,4,1,1,1,1,1,9,400,4,2,1,0,0,0,0,1,38,6
"198",4,4,5,2,2,4,4,1,1,1,1,1,2,400,2,0,1,0,0,0,0,1,38,6
"202",4,4,7,2,2,5,1,2,1,2,1,1,9,400,1,2,7,0,0,3,0,1,27,1
"210",4,4,3,2,2,5,1,2,1,1,1,1,1,400,2,1,5,0,0,0,0,1,438,6
"211",4,5,4,2,4,4,5,1,1,2,1,1,16,400,4,2,8,0,0,0,0,1,45,3
"215",5,1,7,2,2,5,1,1,1,1,1,1,1,400,2,0,1,0,0,0,0,1,38,6
"220",5,1,3,2,5,5,2,1,1,5,2,1,6,400,2,0,3,0,0,0,0,1,238,6
"221",5,1,5,2,5,5,1,1,1,2,1,1,5,400,1,0,7,0,0,1,0,1,39,0.5
"222",5,1,5,2,4,6,2,2,1,2,1,1,11,400,1,0,7,0,0,0,0,1,51,1
"225",5,2,6,2,1,5,2,1,1,2,1,1,13,400,3,0,7,0,0,3,0,1,26,1
"227",5,2,7,2,1,5,2,1,1,2,1,1,10,400,1,1,5,0,0,0,0,1,21,2
"228",5,2,7,2,5,5,2,2,1,1,1,1,9,400,4,2,7,0,0,0,0,1,28,2
"230",5,2,1,1,3,5,2,2,1,1,1,1,2,400,4,2,7,0,0,0,0,1,35,6
"231",5,3,5,2,3,5,4,2,0,5,2,1,11,500,4,0,7,0,0,2,3,1,33,6
"232",5,2,2,2,5,6,3,2,1,1,1,1,16,400,1,2,7,0,0,0,2,2,37,1
"237",5,2,3,2,1,5,3,2,1,7,3,1,7,400,1,0,8,0,0,2,0,1,638,6
"251",5,3,4,2,5,5,3,1,1,2,1,1,1,400,1,2,6,0,0,0,0,1,26,1
"253",5,4,6,2,4,5,4,1,1,1,1,1,2,400,1,1,8,0,0,2,0,1,66,1
"264",5,5,1,2,3,6,1,2,1,7,3,1,3,400,4,2,7,0,0,0,0,1,37,6
"269",6,1,3,2,4,6,2,2,1,1,1,1,5,400,2,2,6,0,0,0,0,1,37,6
"273",6,1,5,2,3,6,2,2,1,7,3,1,2,400,1,0,8,0,0,1,0,1,838,6
"274",6,1,7,2,2,6,3,1,1,3,2,1,8,400,2,2,6,0,0,0,0,1,26,2
"279",6,1,1,1,2,6,2,2,1,2,1,1,7,400,3,2,6,0,0,0,0,1,338,2
"280",6,1,1,2,2,6,2,2,1,1,1,1,14,400,3,1,7,0,0,0,0,1,438,1
"285",6,2,3,2,2,7,1,2,1,1,1,1,7,400,1,1,8,0,0,1,0,1,45,1
"294",6,3,5,1,5,6,4,1,1,1,1,1,6,400,2,3,4,0,0,3,0,1,238,1
"296",6,3,6,2,4,6,4,2,1,2,1,1,2,400,2,1,7,0,0,1,0,1,41,6
"298",6,3,7,2,1,6,3,2,1,2,1,1,8,400,2,2,4,0,0,2,4,2,28,1
"309",6,4,1,2,2,7,1,2,1,2,1,1,10,400,3,2,5,0,0,3,2,1,28,2
"313",7,1,6,2,5,7,2,2,1,2,1,1,1,400,1,1,8,0,0,0,0,1,538,2
"315",7,1,7,2,3,7,4,2,1,1,1,1,16,500,2,0,8,0,0,0,3,1,43,0.5
"318",7,1,2,2,5,7,2,2,1,1,1,1,1,400,4,0,7,0,0,2,0,1,35,1
"337",7,4,7,2,5,7,5,2,1,1,1,1,14,400,2,0,8,0,0,0,0,3,51,1
"346",8,1,1,1,1,8,1,1,1,1,1,1,1,400,4,2,7,0,0,0,0,1,48,0.5
"352",8,1,4,2,1,8,2,2,1,2,1,1,14,400,1,1,7,0,0,0,0,3,38,1
"354",8,1,5,2,5,8,3,2,1,2,1,1,4,400,1,2,7,0,0,0,0,1,53,1
"361",8,2,7,2,4,8,2,1,1,1,1,1,9,400,1,0,7,0,0,0,0,1,27,6
"370",8,3,7,2,5,8,3,2,1,2,1,1,5,400,1,2,5,0,0,0,0,1,35,2
"371",8,3,1,2,3,8,3,1,1,1,1,1,14,400,4,1,5,0,0,1,0,1,22,1
"385",8,4,3,2,5,8,4,1,1,2,1,1,16,400,1,0,6,0,0,0,0,1,58,1
"386",8,4,3,2,3,8,4,2,1,2,1,1,4,400,2,1,7,0,0,0,0,1,38,2
"393",8,5,7,1,4,11,1,1,1,1,1,1,3,400,3,0,6,0,0,0,0,1,338,6
"395",8,5,1,2,5,9,3,2,1,1,1,1,11,400,4,1,7,0,0,3,0,1,32,1
"399",8,5,2,1,3,8,5,1,1,1,1,1,2,400,4,0,7,0,0,0,0,1,42,0.5
"406",9,1,6,2,1,11,2,2,1,1,1,1,3,400,4,0,7,0,0,0,0,1,33,1
"417",9,1,2,2,5,9,2,2,1,1,1,1,12,400,4,1,8,0,0,1,0,1,53,1
"424",9,2,1,1,5,9,3,2,1,2,1,1,14,400,3,0,5,1,0,0,0,1,27,1
"430",9,3,7,2,3,9,4,1,1,3,2,1,1,400,1,0,7,0,0,0,0,1,29,1
"431",9,3,1,2,3,9,4,2,1,2,1,1,8,400,2,0,5,0,0,0,0,1,35,1
"438",9,4,6,1,2,10,1,1,1,1,1,1,16,400,1,1,5,0,0,0,0,1,29,1
"440",9,4,7,2,3,9,5,2,1,1,1,1,2,400,4,0,6,0,0,3,0,1,29,6
"446",9,5,3,2,1,10,3,2,1,2,1,1,1,400,3,3,6,0,0,3,0,1,43,6
"451",10,1,6,2,4,10,1,2,1,2,1,1,11,400,3,2,7,0,0,1,0,1,41,0.5
"452",10,1,6,2,1,4,4,1,1,1,1,1,5,400,2,2,8,0,0,1,0,1,58,6
"453",10,1,7,2,5,10,2,2,1,2,1,1,10,500,2,2,7,0,0,0,3,1,59,1
"457",10,1,1,2,1,10,1,2,1,7,3,1,1,400,4,0,7,0,0,0,0,1,338,6
"459",2,2,3,2,4,2,2,2,0,2,1,1,1,500,2,0,6,0,0,1,3,1,45,1
"468",10,2,1,2,5,11,4,1,1,2,1,1,7,400,4,3,6,0,0,1,0,1,27,1
"482",10,4,6,2,6,10,4,2,1,2,1,1,3,400,2,2,6,0,0,0,0,1,26,0.5
"486",10,4,1,2,2,10,4,2,1,2,1,1,10,400,1,2,6,0,0,3,0,1,31,1
"497",10,5,6,2,5,11,1,1,1,1,1,1,1,400,3,2,7,0,0,3,0,1,338,1
"501",10,5,1,1,3,11,1,1,1,2,1,1,14,400,1,2,6,0,0,0,0,1,28,1
"506",11,1,5,2,4,11,2,2,1,1,1,1,15,400,1,1,6,0,0,3,0,1,28,2
"508",11,2,1,2,3,3,1,2,1,1,1,1,16,400,4,2,6,0,0,3,0,1,64,3
"511",11,2,4,2,5,11,2,1,1,2,1,1,13,400,1,0,7,0,0,3,0,1,36,1
"528",12,1,4,2,5,12,1,2,1,3,2,1,11,400,2,2,7,0,0,2,0,1,44,6
"533",12,1,7,2,5,12,3,2,1,2,1,1,1,400,2,2,7,0,0,1,0,1,31,2
"535",12,2,3,2,3,12,3,1,1,2,1,1,2,400,3,3,8,0,0,2,0,1,57,2
"536",12,2,3,2,1,12,2,2,1,1,1,1,6,400,3,1,6,0,0,3,0,1,338,0.5
"546",12,3,3,2,5,1,4,2,1,1,1,1,15,400,1,2,6,0,0,0,0,1,29,2
"548",12,3,4,2,3,12,4,2,1,2,1,1,10,400,3,3,8,0,0,3,0,1,67,2
"552",12,3,7,2,1,12,3,2,1,1,1,1,14,400,2,0,8,0,0,1,0,1,49,0.5
"555",12,3,1,2,1,1,1,2,1,1,1,1,12,400,1,0,7,0,0,0,0,1,34,1
"569",12,5,6,1,3,1,1,2,1,2,1,1,12,400,2,2,5,0,0,1,0,1,34,1
"577",1,2,6,2,1,1,2,2,1,1,1,1,4,400,3,2,8,0,0,0,0,1,438,3
"578",1,2,6,2,2,1,2,2,1,2,1,1,10,400,2,3,8,0,0,1,0,1,45,3
"586",1,2,2,2,5,1,3,2,1,2,1,1,6,400,2,0,7,0,0,1,0,1,35,1
"589",1,2,3,2,1,1,3,2,1,1,1,1,2,400,3,0,6,0,0,0,0,1,32,1
"593",1,2,5,2,5,1,3,1,1,2,1,1,10,500,1,2,6,0,0,2,2,2,32,1
"595",1,3,6,2,3,1,3,1,1,1,1,1,13,400,4,2,7,0,0,0,0,1,44,1
"603",1,4,6,2,2,1,4,2,1,2,1,1,15,400,1,2,7,0,0,2,0,1,49,1
"605",1,4,7,2,4,2,2,2,1,2,1,1,3,400,2,1,6,0,0,1,0,1,32,1
"606",1,4,1,2,3,1,4,2,1,1,1,1,14,400,4,3,8,0,0,3,0,1,65,1
"611",2,1,4,2,4,2,4,2,1,2,1,1,9,400,4,1,6,0,0,0,0,1,26,2
"620",11,1,6,2,3,11,2,2,0,1,1,1,5,500,4,2,7,0,0,1,3,1,338,3
"639",2,3,1,2,4,3,5,2,0,1,1,1,11,500,1,3,7,0,0,3,3,1,35,1
"641",2,4,2,2,4,2,4,2,1,2,1,1,10,400,1,2,7,0,0,0,0,1,41,1
"659",3,1,6,2,1,3,1,2,1,5,2,1,12,400,3,0,7,0,0,3,0,1,41,6
"665",3,2,4,2,1,7,3,1,1,2,1,1,13,400,3,3,5,0,0,0,0,1,33,1
"674",3,3,3,2,3,3,4,1,1,1,1,1,2,400,1,1,8,0,0,3,0,1,53,1
"676",3,3,4,1,1,3,3,2,1,2,1,1,14,700,1,2,7,0,0,0,0,1,28,1
"690",3,4,4,2,3,4,1,2,1,1,1,1,14,400,4,1,6,0,0,0,0,1,31,1
"693",3,4,7,2,3,4,4,2,1,1,1,1,6,400,4,2,6,0,0,1,0,1,28,1
"698",3,5,3,2,2,6,2,1,1,1,1,1,6,400,1,2,7,0,0,0,0,1,41,1
"703",4,1,6,2,1,5,2,2,1,1,1,1,5,400,2,0,8,0,0,1,0,1,538,0.5
"704",4,1,7,1,1,4,3,1,1,2,1,1,8,400,1,0,7,0,0,0,0,1,28,1
"708",4,1,3,1,3,5,1,2,1,2,1,1,12,400,2,1,8,0,0,1,0,1,54,6
"721",10,3,1,2,5,11,4,2,0,2,1,1,1,500,4,2,7,0,0,0,3,1,35,2
"725",4,3,4,2,1,4,4,2,1,3,2,1,13,400,1,2,6,0,0,2,0,1,55,1
"726",4,3,4,2,3,5,2,1,1,1,1,1,4,400,4,0,5,0,0,1,0,1,24,1
"742",5,1,5,2,2,5,2,2,1,2,1,1,7,400,4,0,7,0,0,0,0,1,37,2
"744",5,2,7,2,4,6,1,2,1,2,1,1,3,400,4,1,6,0,0,2,0,1,31,1
"746",5,2,1,2,1,5,4,1,1,1,1,1,11,400,3,1,7,0,0,2,0,1,41,0.5
"761",5,3,2,2,1,7,1,2,1,1,1,1,7,400,1,1,7,0,0,2,0,1,36,0.5
"767",5,4,7,2,2,6,3,2,1,2,1,1,14,400,2,2,6,0,0,1,0,1,38,2
"768",5,4,1,2,5,5,4,2,1,3,2,1,8,400,3,2,7,0,0,1,0,1,37,1
"771",5,4,4,2,1,5,5,2,1,2,1,1,3,400,1,2,7,0,0,0,0,1,47,2
"772",5,4,5,2,5,5,4,1,1,2,1,1,7,400,3,0,6,0,0,0,0,1,35,1
"774",5,4,6,1,1,5,5,2,1,1,1,1,8,400,4,0,6,0,0,0,0,1,45,0.5
"775",5,4,6,2,2,5,5,2,1,1,1,1,10,400,4,0,8,0,0,0,0,1,48,1
"778",6,1,4,2,4,6,2,2,1,1,1,1,7,400,3,0,8,0,0,1,0,1,438,0.5
"780",6,1,6,2,5,6,2,2,1,1,1,1,10,400,2,2,6,0,0,3,0,1,35,1
"784",6,2,3,2,1,6,4,1,1,2,1,1,15,400,1,0,6,0,0,2,0,1,338,1
"792",6,3,5,2,5,6,3,2,1,2,1,1,13,400,4,0,7,0,0,3,4,2,39,1
"802",6,5,4,2,3,7,2,2,1,7,3,1,2,400,3,0,8,0,0,0,0,1,57,6
"805",6,5,5,2,2,7,1,2,1,2,1,1,12,400,1,3,8,0,0,3,0,1,43,2
"807",6,5,5,2,3,7,1,2,1,2,1,1,11,400,3,2,8,0,0,3,0,1,59,2
"808",7,1,6,2,2,7,2,1,1,1,1,1,3,400,4,2,5,1,0,3,0,1,22,0.5
"812",7,1,4,2,4,7,1,1,1,5,2,1,11,400,3,1,8,0,0,0,0,1,46,6
"814",7,2,1,2,5,7,4,2,1,1,1,1,7,400,1,1,6,0,0,0,0,1,338,1
"817",7,2,3,2,1,7,3,1,1,2,1,1,2,400,1,0,6,0,0,0,0,1,27,1
"818",7,2,4,2,1,7,3,1,1,5,2,1,16,400,1,0,8,0,0,3,0,1,37,6
"819",7,3,5,2,5,9,1,2,1,2,1,1,16,400,1,2,7,0,0,3,0,1,338,3
"824",7,3,3,2,1,7,4,2,1,1,1,1,3,400,4,2,7,0,0,1,2,2,43,1
"832",7,4,4,2,4,8,1,2,1,1,1,1,7,400,4,2,8,1,0,2,0,1,52,1
"837",8,1,4,2,1,8,2,2,1,1,1,1,11,400,1,1,7,0,0,1,0,3,36,0.5
"848",8,3,2,2,2,8,4,2,1,2,1,1,1,400,4,2,7,0,0,0,0,1,41,1
"849",8,3,3,2,4,9,3,2,1,2,1,1,5,400,4,3,8,0,0,3,0,1,38,2
"861",8,5,1,2,3,8,5,2,1,2,1,1,7,400,4,2,8,0,0,0,0,1,59,1
"863",8,5,4,2,2,9,1,2,1,2,1,1,16,400,2,0,6,0,0,2,0,1,31,0.5
"864",9,1,6,2,2,9,1,2,1,2,1,1,3,400,2,0,5,0,0,0,0,1,28,1
"865",9,1,6,2,4,9,2,2,1,2,1,1,14,400,2,0,7,0,0,1,0,1,438,2
"867",9,1,7,2,1,9,1,1,1,1,1,1,3,400,3,1,5,0,0,3,0,1,23,0.5
"879",9,2,1,2,1,9,2,1,1,5,2,1,11,400,2,1,5,0,0,0,0,1,23,6
"885",9,3,4,1,1,9,4,2,1,2,1,1,16,400,2,1,6,0,0,0,0,1,43,2
"887",9,3,2,1,4,10,1,2,1,1,1,1,5,400,4,0,6,0,0,0,0,1,61,1
"889",9,4,5,2,2,9,4,1,1,2,1,1,1,400,3,0,5,0,0,0,0,1,24,1
"890",9,5,4,2,4,9,5,2,1,2,1,1,15,400,3,0,7,0,0,1,0,1,28,1
"893",10,1,2,2,5,10,1,4,1,2,1,1,6,400,4,2,8,0,0,0,0,1,41,5
"897",10,3,6,2,2,10,3,2,1,1,1,1,15,400,4,0,6,0,0,1,0,1,26,1
"905",10,3,4,2,2,10,4,1,1,2,1,1,11,400,2,2,3,0,0,0,0,1,28,1
"910",11,1,4,2,5,11,3,2,1,2,1,1,2,400,4,1,6,0,0,0,0,1,34,1
"913",11,2,2,2,5,11,3,2,1,2,1,1,11,700,1,0,8,0,0,0,0,1,46,1
"914",11,2,5,2,5,11,3,2,1,2,1,1,12,400,2,2,6,0,0,2,0,1,27,1
"916",11,2,1,2,5,12,5,2,1,1,1,1,2,400,2,0,6,0,0,0,0,1,56,1
"923",12,2,3,2,4,12,3,1,1,2,1,1,3,400,4,0,5,0,0,1,0,1,21,1
"926",5,4,4,2,1,5,5,1,1,3,2,0,6,400,1,1,7,0,0,0,0,1,32,1
"950",1,4,5,2,1,2,1,2,1,1,1,0,14,500,2,2,6,1,0,2,0,1,37,6
"953",10,2,3,1,1,10,3,2,0,5,2,0,12,400,4,0,2,0,0,1,0,1,18,6
"957",1,4,7,2,2,1,5,2,1,3,2,0,13,400,3,2,7,0,0,3,0,1,38,2
"960",6,4,1,2,2,7,1,2,1,1,1,0,3,400,4,1,6,0,0,2,0,1,32,1
"973",2,1,6,2,1,10,3,2,0,2,1,0,14,400,3,2,7,0,0,0,0,1,37,2
"974",12,4,5,2,1,1,1,2,0,2,1,0,10,400,4,0,8,0,0,0,0,1,38,1
"978",8,4,1,2,4,3,3,1,1,2,1,0,7,400,1,0,1,0,0,0,0,1,38,6
"980",2,3,4,1,5,2,3,2,1,3,2,0,11,400,2,2,7,0,0,0,0,1,42,2
"984",6,1,5,2,5,6,1,2,1,2,1,0,9,400,2,0,8,0,0,0,0,1,44,1
"993",1,1,2,2,2,1,1,2,1,2,1,0,15,400,4,3,7,0,0,2,0,1,31,2
"995",1,3,1,2,1,1,3,1,1,3,2,0,11,400,1,2,1,0,0,0,4,2,38,6
"998",5,2,7,1,1,5,2,1,1,1,1,0,7,400,1,2,7,0,0,2,0,1,34,1
"1008",4,3,1,2,1,4,3,2,1,3,2,0,11,400,2,0,7,0,0,0,0,1,38,6
"1013",9,1,7,2,3,10,2,1,1,3,2,0,15,400,2,2,7,0,0,0,0,1,58,1
"1014",3,2,2,2,1,3,3,2,0,1,1,0,7,400,4,1,8,0,0,0,0,1,538,2
"1020",7,2,5,2,1,7,2,1,1,1,1,0,12,400,4,0,6,0,0,3,0,1,35,1
"1025",8,2,1,2,4,8,2,2,1,3,2,0,5,400,1,0,7,0,0,0,0,1,338,1
"1028",5,1,2,2,2,5,1,2,1,2,1,0,13,400,4,2,8,0,0,0,0,1,46,3
"1032",6,3,2,1,3,6,4,2,1,3,2,0,7,400,2,3,7,0,0,3,0,1,28,2
"1036",9,4,2,2,4,9,5,2,1,1,1,0,6,400,1,2,6,0,0,0,0,1,35,2
"1040",3,4,6,2,1,3,4,2,1,1,1,0,15,400,2,0,8,0,0,3,0,1,73,1
"1049",4,2,5,2,3,4,2,2,1,2,1,0,2,400,3,0,8,0,0,1,0,1,43,1
"1050",3,2,7,2,1,3,3,2,0,2,1,0,3,400,2,0,7,0,0,1,4,2,32,6
"1051",2,3,4,1,5,2,3,2,0,2,1,0,2,400,3,2,6,0,0,2,0,1,338,1
"1053",2,1,5,2,5,2,1,2,1,3,2,0,3,400,2,0,7,0,0,3,0,1,41,1
"1055",2,1,5,2,2,2,2,1,1,3,2,0,7,400,4,1,6,0,0,3,0,1,338,2
"1058",2,3,6,2,1,3,2,2,1,2,1,0,1,400,4,2,8,0,0,1,0,1,61,1
"1060",2,2,6,1,2,2,4,2,0,1,1,0,16,400,2,2,8,0,0,3,0,1,72,1
"1064",11,5,2,2,2,2,1,2,0,1,1,0,13,400,4,0,7,0,0,1,0,1,38,0.5
"1073",6,3,5,2,1,6,3,2,1,2,1,0,10,400,4,1,6,0,0,1,0,1,338,1
"1080",11,1,7,2,1,11,2,2,1,3,2,0,4,400,1,3,7,0,0,2,0,1,33,1
"1085",10,5,1,1,3,11,1,2,1,3,2,0,6,400,2,3,7,0,0,0,0,1,43,3
"1090",4,5,5,2,3,5,3,2,1,1,1,0,4,400,3,1,8,0,0,2,0,1,638,1
"1091",10,5,5,2,1,10,5,2,0,7,3,0,3,400,4,2,8,1,0,1,0,1,55,6
"1093",5,3,2,2,2,5,3,1,0,2,1,0,2,400,1,0,5,0,0,0,0,1,34,1
"1095",7,3,6,2,4,9,2,2,0,2,1,0,16,400,2,2,7,0,0,0,0,1,37,1
"1102",3,5,5,2,3,4,1,2,1,3,2,0,11,400,2,1,7,0,0,0,0,1,29,2
"1103",7,5,1,2,2,9,1,2,1,2,1,0,4,400,1,1,7,0,0,3,0,1,42,6
"1106",1,4,5,2,4,1,4,1,0,1,1,0,14,400,2,2,6,0,0,0,0,1,28,1
"1110",6,4,2,2,3,6,5,1,1,3,2,0,13,400,4,2,6,0,0,0,0,1,338,2
"1112",3,2,5,2,2,3,3,1,1,2,1,0,15,400,1,1,8,0,0,0,0,1,438,1
"1114",4,2,6,2,4,4,3,1,1,3,2,0,10,400,2,3,8,0,0,3,0,1,41,6
"1119",4,4,5,1,1,5,4,2,1,2,1,0,14,400,2,2,7,0,0,0,0,1,45,6
"1125",9,5,6,1,1,10,1,2,1,2,1,0,10,400,4,0,8,0,0,2,0,1,44,2
"1126",4,4,2,2,2,5,1,2,0,2,1,0,16,400,4,1,7,0,0,0,0,1,52,1
"1129",7,1,1,2,2,7,1,2,1,2,1,0,16,400,4,1,4,0,0,0,0,1,338,1
"1130",7,1,7,2,4,7,2,1,0,5,2,0,6,400,2,0,5,0,0,0,0,1,29,6
"1135",2,3,7,2,1,2,4,2,1,3,2,0,7,400,1,2,7,0,0,1,0,1,34,2
"1145",5,1,7,1,7,5,1,1,0,2,1,0,7,400,4,1,6,0,0,0,0,1,31,1
"1151",11,2,6,2,5,11,3,2,0,1,1,0,13,400,2,0,6,0,0,1,0,1,45,1
"1155",7,4,4,1,5,7,4,2,1,2,1,0,5,400,1,2,5,0,0,0,0,1,26,1
"1159",5,2,1,2,1,5,2,2,1,3,2,0,9,400,2,3,7,0,0,0,0,1,44,2
"1164",11,1,4,2,1,12,2,2,0,2,1,0,14,400,2,2,7,0,0,1,0,1,47,1
"1166",11,2,6,2,6,11,3,1,1,5,2,0,12,400,2,0,3,0,0,2,0,1,19,6
"1178",5,5,1,2,1,6,1,1,1,3,2,0,1,400,4,2,1,0,0,0,0,1,38,6
"1181",12,1,6,2,1,12,1,2,0,2,1,0,1,400,2,1,8,0,0,3,0,1,42,6
"1183",7,3,1,2,3,7,3,1,1,3,2,0,5,400,1,3,5,0,0,2,0,1,32,1
"1184",9,1,4,2,3,9,2,2,0,1,1,0,6,400,2,1,7,0,0,0,0,1,39,2
"1194",10,2,1,1,3,10,3,1,1,2,1,0,11,400,4,1,5,0,0,1,0,1,22,2
"1195",2,1,1,2,1,2,1,1,1,2,1,0,12,400,4,2,6,0,0,0,0,1,438,1
"1199",9,5,3,2,5,9,5,2,1,3,2,0,7,400,2,2,7,0,0,1,0,1,29,1
"1200",2,1,7,2,2,2,4,1,0,2,1,0,10,400,4,1,5,0,0,0,0,1,25,6
"1209",2,2,3,1,3,2,2,1,0,1,1,0,16,400,1,0,7,0,0,3,0,1,33,1
"1223",11,3,1,2,1,11,3,1,1,3,2,0,10,400,4,2,7,0,0,3,4,2,31,1
"1228",7,3,6,2,2,8,1,1,1,1,1,0,1,400,2,1,5,0,0,0,0,1,23,2
"1233",6,5,3,2,3,7,3,2,0,1,1,0,9,400,3,1,7,0,0,0,0,1,39,1
"1237",12,1,6,2,3,12,2,1,1,1,1,0,10,400,1,1,5,0,0,0,0,1,29,2
"1240",12,1,1,2,2,12,2,2,1,2,1,0,1,400,4,2,7,0,0,0,0,1,37,2
"1257",2,3,3,2,2,2,4,2,0,5,2,0,9,400,1,0,6,0,0,3,0,1,43,6
"1260",5,1,5,2,1,5,2,2,1,2,1,0,12,400,1,2,6,0,0,3,0,1,27,1
"1262",8,3,5,1,5,8,3,2,1,2,1,0,13,400,2,1,6,0,0,1,0,1,34,1
"1268",12,4,3,2,4,12,4,2,1,2,1,0,15,400,2,2,8,0,0,0,0,1,538,1
"1271",9,4,1,2,2,9,4,1,0,2,1,0,16,400,3,2,6,0,0,2,0,1,33,1
"1275",7,4,4,2,5,8,1,2,1,2,1,0,9,400,1,1,6,0,0,1,0,1,35,1
"1279",7,2,5,2,5,7,4,1,1,2,1,0,14,400,4,0,4,0,0,0,0,1,28,1
"1280",6,2,4,1,5,6,2,2,1,3,2,0,1,400,1,2,6,0,0,0,4,2,438,1
"1281",5,4,1,2,1,5,4,1,1,2,1,0,8,400,2,1,3,0,0,0,0,1,238,0.5
"1284",1,4,4,2,2,1,5,1,1,3,2,0,5,400,3,2,3,0,0,3,0,1,18,1
"1285",12,4,6,2,2,12,4,2,1,2,1,0,16,400,1,1,7,0,0,0,4,2,37,2
"1293",8,3,1,2,3,8,3,3,1,1,1,0,4,400,1,2,7,0,0,0,0,1,34,6
"1294",4,4,3,2,4,5,2,1,0,2,1,0,14,400,2,2,6,0,0,3,0,1,33,1
"1297",5,4,5,2,1,6,2,1,1,7,3,0,1,400,1,2,7,0,0,0,0,1,48,6
"1302",7,3,1,2,2,7,4,1,0,2,1,0,10,400,4,0,6,1,0,0,0,1,26,1
"1310",9,2,1,2,2,9,3,2,0,3,2,0,12,400,2,0,8,0,0,1,0,1,61,2
"1315",8,2,2,2,2,8,2,2,1,3,2,0,13,400,2,0,8,0,0,0,0,1,78,1
"1317",12,3,2,2,3,12,4,2,0,2,1,0,9,400,2,2,6,0,0,0,0,1,44,6
"1318",5,4,5,2,1,5,5,2,0,2,1,0,6,400,2,0,5,0,0,0,0,1,51,1
"1321",12,1,6,2,1,12,1,1,1,3,2,0,8,400,2,3,6,0,0,3,0,1,34,1
"1328",10,1,4,2,5,10,2,2,0,2,1,0,5,400,4,2,8,0,0,3,0,1,55,6
"1329",9,1,1,2,3,9,5,2,1,3,2,0,16,400,3,2,7,0,0,1,0,1,55,2
"1342",9,4,4,2,4,9,4,1,1,3,2,0,3,400,2,2,7,0,0,0,0,1,57,2
"1356",1,5,1,1,1,1,5,2,1,7,3,0,9,400,1,0,7,0,0,2,0,1,38,6
"1362",10,1,7,2,2,10,2,2,1,2,1,0,16,400,2,1,8,0,0,3,0,1,51,2
"1381",1,3,1,2,4,1,3,2,1,1,1,0,13,500,4,2,7,0,0,1,3,2,63,0.5
"1389",5,4,3,2,4,5,4,2,1,2,1,0,1,400,3,0,6,0,0,3,4,2,638,1
"1391",6,3,6,2,2,7,1,1,1,3,2,0,1,400,3,2,6,0,0,1,0,1,28,1
"1396",3,3,6,1,2,4,2,2,1,1,1,0,16,400,1,1,6,0,0,0,0,1,33,1
"1397",4,2,6,2,2,4,2,1,1,2,1,0,16,400,3,0,6,0,0,2,2,1,34,1
"1398",4,2,7,2,1,4,2,4,1,2,1,0,10,400,4,2,6,0,0,0,0,1,42,1
"1401",9,2,2,2,2,9,4,2,1,3,2,0,8,400,1,1,6,0,0,2,0,1,29,1
"1417",6,1,7,2,3,6,2,2,0,2,1,0,12,400,2,2,8,0,0,0,4,2,51,6
"1440",1,1,6,2,2,1,3,1,1,2,1,0,7,400,3,1,1,0,0,0,0,1,38,6
"1449",1,2,6,2,5,2,2,2,1,5,2,0,5,400,3,0,8,0,0,0,0,1,63,6
"1461",7,3,5,2,1,7,3,2,1,3,2,0,6,400,3,3,5,0,0,0,0,1,41,1
"1463",4,3,3,2,4,4,3,2,1,3,2,0,8,400,3,0,8,0,0,0,0,1,53,3
"1471",3,3,4,2,5,3,3,2,1,3,2,0,13,500,2,0,7,0,0,3,3,3,36,1
"1472",10,4,6,2,4,11,2,2,1,2,1,0,15,400,4,2,7,0,0,1,0,1,39,1
"1476",1,5,6,2,2,2,3,1,1,3,2,0,7,400,1,0,7,0,0,0,0,1,38,2
"1483",7,3,5,2,4,7,3,2,0,5,2,0,11,400,2,0,7,0,0,0,0,1,38,6
"1496",2,2,6,2,3,2,3,2,1,1,1,0,10,400,1,0,8,0,0,2,0,1,68,1
"1497",3,4,3,2,4,4,4,2,1,9,3,0,11,400,2,2,8,0,0,3,0,1,77,6
"1498",2,3,4,2,5,2,3,2,1,1,1,0,10,400,1,1,8,0,0,1,0,1,438,0.5
"1507",2,3,6,2,1,2,3,1,1,2,1,0,11,400,1,0,5,0,0,0,0,1,35,1
"1508",2,4,6,2,2,2,5,2,1,2,1,0,8,400,4,3,7,0,0,0,0,1,34,2
"1510",3,1,3,2,4,3,1,2,1,2,1,0,12,700,2,2,7,1,0,2,0,1,36,6
"1522",12,2,5,2,4,12,3,2,1,3,2,0,12,400,4,2,6,0,0,0,0,1,31,2
"1523",4,3,6,2,3,5,3,2,1,3,2,0,15,400,2,0,6,0,0,0,2,1,338,1
"1525",6,3,1,2,1,6,3,1,0,3,2,0,4,400,4,2,6,0,0,3,0,1,31,1
"1528",8,4,5,1,1,9,2,1,1,2,1,0,16,400,3,1,6,0,0,0,0,1,28,1
"1539",10,5,1,2,5,11,1,1,1,7,3,0,6,400,2,1,6,0,0,0,0,1,29,6
"1541",9,2,5,2,1,9,3,2,1,2,1,0,14,400,1,1,7,0,0,3,0,1,34,0.5
"1548",8,4,1,2,4,8,4,2,1,2,1,0,5,400,2,0,6,0,0,2,0,1,34,1
"1551",6,4,5,2,5,6,4,2,1,3,2,0,11,400,2,2,8,0,0,1,0,1,38,6
"1555",5,5,7,1,2,5,5,1,1,3,2,0,6,400,3,2,5,0,0,1,0,1,21,1
"1568",3,3,2,2,3,3,3,2,1,1,1,0,10,400,1,1,8,0,0,2,0,1,47,6
"1570",9,5,4,1,5,9,5,2,1,2,1,0,4,400,2,2,6,0,0,2,0,1,28,0.5
"1576",6,2,5,2,5,6,2,2,1,3,2,0,10,400,4,3,7,0,0,2,0,1,39,2
"1582",5,2,6,1,1,5,3,1,1,2,1,0,9,400,3,1,5,0,0,0,0,1,21,1
"1591",1,1,4,2,4,1,1,2,0,2,1,0,2,400,1,2,6,0,0,3,0,1,37,1
"1594",8,2,3,2,3,8,3,2,1,2,1,0,4,400,4,1,6,0,0,1,0,1,42,1
"1605",4,4,2,2,4,5,1,2,1,1,1,0,5,400,3,0,7,0,0,3,0,1,438,1
"1608",7,1,2,2,1,7,2,2,1,1,1,0,3,400,1,0,8,0,0,0,0,1,47,0.5
"1611",11,1,3,2,4,11,1,2,1,7,3,0,2,400,4,0,8,0,0,0,0,1,47,6
"1614",4,3,4,1,5,4,4,2,1,3,2,0,6,400,2,2,7,0,0,0,0,1,47,6
"1618",6,2,1,2,5,6,3,1,0,5,2,0,5,400,3,0,6,0,0,0,0,1,35,6
"1623",7,5,7,2,2,8,5,2,1,2,1,0,12,400,2,1,8,0,0,0,0,1,638,1
"1630",11,3,1,2,5,11,3,2,1,1,1,0,13,400,1,0,7,0,0,0,0,1,27,1
"1634",9,4,7,2,3,11,2,1,1,2,1,0,15,400,1,1,7,0,0,2,0,1,34,1
"1637",6,3,5,2,1,6,3,2,1,1,1,0,11,400,4,3,7,0,0,0,0,1,34,0.5
"1656",3,4,1,2,4,5,2,2,0,5,2,0,3,700,1,0,8,0,0,0,0,1,59,6
"1659",7,2,1,1,1,7,2,2,1,3,2,0,13,400,3,3,7,0,0,0,0,1,38,2
"1667",6,4,3,2,5,6,4,2,1,3,2,0,6,400,3,2,7,0,0,2,4,2,35,6
"1668",7,2,1,2,5,7,5,2,1,3,2,0,14,400,4,1,8,0,0,1,0,1,58,1
"1669",9,3,5,2,5,9,3,2,1,3,2,0,14,400,3,2,6,0,0,0,0,1,31,2
"1676",12,1,6,2,1,12,3,2,1,3,2,0,7,400,4,3,7,0,0,0,0,1,39,1
"1680",11,5,7,2,1,12,2,2,1,1,1,0,6,400,4,1,7,0,0,0,0,1,29,1
"1682",2,4,7,2,3,3,1,2,1,2,1,0,6,400,4,0,7,0,0,3,0,1,33,1
"1683",2,3,1,2,2,2,4,2,1,3,2,0,15,400,3,2,7,0,0,0,0,1,54,3
"1685",3,5,3,2,2,4,1,1,1,2,1,0,13,400,2,0,7,0,0,3,0,1,36,1
"1687",4,4,2,2,2,4,4,2,1,3,2,0,2,400,3,0,7,0,0,3,0,1,338,1
"1705",11,1,6,2,1,11,2,2,1,2,1,0,1,400,3,1,7,0,0,3,0,1,43,1
"1706",4,3,6,1,2,4,3,2,0,1,1,0,5,400,3,1,5,0,0,0,0,1,37,1
"1709",7,3,1,2,1,7,3,2,1,2,1,0,6,400,3,2,7,0,0,0,0,1,28,2
"1715",3,1,4,2,5,3,1,2,1,3,2,0,12,400,3,0,8,0,0,3,0,1,56,6
"1719",5,1,2,2,3,5,1,2,1,3,2,0,10,400,3,2,7,0,0,3,0,1,52,2
"1724",11,5,2,2,2,11,5,2,1,3,2,0,1,400,2,2,7,0,0,2,0,1,45,1
"1726",10,1,4,2,5,10,1,2,1,3,2,0,8,700,3,2,7,0,0,3,0,1,47,3
"1731",2,3,5,2,3,2,4,1,1,2,1,0,12,400,1,3,6,0,0,0,0,1,29,1
"1733",4,5,6,2,1,5,2,1,1,1,1,0,10,400,1,2,6,0,0,0,0,1,31,1
"1738",9,1,2,2,4,9,3,2,0,1,1,0,11,400,4,2,8,0,0,2,0,1,67,1
"1742",4,2,7,2,3,4,3,2,1,3,2,0,12,400,2,1,7,0,0,0,0,1,53,2
"1744",12,3,7,2,4,12,4,2,1,2,1,0,16,400,1,0,8,0,0,1,0,1,38,2
"1753",11,2,2,2,4,11,3,2,1,2,1,0,14,400,2,2,6,0,0,3,0,1,36,6
"1758",7,3,2,2,3,7,3,2,1,2,1,0,15,400,2,1,7,0,0,3,0,1,38,1
"1760",10,2,1,2,3,10,2,2,1,1,1,0,16,700,4,0,8,0,0,1,3,1,43,1
"1764",4,2,2,2,1,5,3,2,1,2,1,0,1,400,4,1,8,1,0,2,4,2,57,1
"1765",9,4,7,2,1,9,4,1,1,3,2,0,15,400,1,2,6,0,0,0,0,1,338,1
"1771",10,3,6,2,1,11,3,2,1,3,2,0,12,400,3,2,7,0,0,2,0,1,57,1
"1772",9,4,5,2,5,9,4,2,1,2,1,0,7,400,3,2,7,0,0,3,0,1,338,1
"1773",9,1,2,2,4,9,3,1,0,3,2,0,12,400,4,0,6,0,0,3,0,1,338,1
"1783",5,5,6,2,1,5,5,2,1,1,1,0,8,400,4,2,8,0,0,2,0,1,46,1
"1785",1,3,6,2,3,1,3,1,1,2,1,0,12,400,1,2,7,0,0,3,0,1,34,1
"1788",10,2,5,2,1,10,2,2,1,3,2,0,8,400,1,2,7,0,0,0,0,1,54,1
"1790",9,3,5,2,4,9,5,2,1,3,2,0,8,400,3,2,8,0,0,1,0,3,39,2
"1805",11,2,6,2,3,11,3,2,1,2,1,0,15,400,4,2,8,0,0,3,0,1,57,1
"1807",10,1,2,2,2,10,1,2,1,2,1,0,15,400,3,0,8,0,0,3,0,1,45,2
"1815",12,1,6,2,1,12,1,2,1,3,2,0,8,400,3,2,8,0,0,3,2,1,41,2
"1838",1,3,5,2,2,1,4,2,1,1,1,0,9,400,1,2,8,0,0,3,0,1,53,1
"1840",1,4,6,2,1,1,4,1,0,2,1,0,1,400,1,3,5,1,1,1,0,1,22,1
"1841",10,2,1,2,5,10,3,1,0,1,1,0,7,400,4,2,6,0,0,3,0,1,21,2
"1853",6,4,1,2,5,7,1,2,0,1,1,0,16,400,1,0,7,0,0,3,0,1,54,1
"1861",1,3,1,2,1,1,3,2,1,1,1,0,7,400,3,2,7,0,0,1,0,1,28,0.5
"1863",5,2,2,2,2,5,5,2,0,2,1,0,7,400,3,2,8,0,0,3,0,1,58,1
"1876",8,3,1,2,4,8,3,2,1,2,1,0,10,400,4,0,5,0,0,0,0,1,42,1
"1882",12,1,5,2,5,12,4,2,1,2,1,0,7,400,4,2,8,0,0,2,4,2,52,1
"1887",3,2,4,2,4,3,2,2,1,1,1,0,16,400,4,1,5,0,0,0,0,1,48,0.5
"1892",2,3,7,2,3,2,4,2,1,1,1,0,14,400,1,1,8,0,0,0,0,1,36,2
"1901",12,5,4,2,3,1,1,2,1,3,2,0,16,400,2,1,7,0,0,2,0,1,44,1
"1902",5,3,6,1,1,5,4,2,0,1,1,0,14,400,4,0,8,0,0,0,0,1,38,5
"1903",5,3,6,2,2,5,3,2,0,2,1,0,15,400,1,3,8,0,0,0,0,1,51,1
"1909",2,2,2,2,3,2,2,2,1,3,2,0,8,400,1,2,5,0,0,0,0,1,28,1
"1911",12,5,2,2,3,2,3,1,0,1,1,0,13,400,3,1,7,0,0,3,0,1,338,1
"1919",11,3,5,2,1,11,4,1,1,3,2,0,8,400,2,2,7,0,0,3,0,1,36,6
"1923",6,5,5,2,3,7,1,2,1,1,1,0,13,400,1,3,8,0,0,3,0,1,48,0.5
"1934",4,4,4,2,4,5,1,1,1,2,1,0,3,400,4,1,7,0,0,3,0,1,29,1
"1935",4,3,3,2,1,4,4,2,0,1,1,0,6,400,3,0,8,0,0,2,0,1,47,1
"1938",2,1,2,2,3,2,1,2,1,1,1,0,12,400,3,0,7,0,0,1,0,1,45,1
"1944",6,2,7,2,4,6,4,2,0,1,1,0,10,400,4,1,7,0,0,0,0,1,52,1
"1947",6,5,3,2,1,7,2,1,1,3,2,0,15,400,3,2,6,0,0,2,0,1,33,1
"1948",6,4,1,2,3,8,1,1,1,2,1,0,6,400,2,1,5,0,0,0,0,1,21,1
"1949",6,3,4,1,2,6,3,2,0,3,2,0,7,400,2,2,8,0,0,2,0,3,37,2
"1954",6,2,4,2,5,6,2,2,1,1,1,0,11,400,4,2,8,0,0,3,0,1,64,6
"1958",3,5,4,1,1,4,2,2,1,2,1,0,14,400,3,0,8,0,0,1,0,1,49,2
"1969",6,5,3,2,6,7,1,2,1,3,2,0,11,400,1,2,7,0,0,0,0,1,36,2
"1976",3,1,6,2,2,3,2,2,1,3,2,0,6,400,4,2,7,0,0,2,0,1,33,1
"1978",2,3,6,2,4,2,4,1,0,2,1,0,3,400,3,2,6,0,0,0,0,1,27,1
"1980",12,3,7,2,2,3,4,1,0,1,1,0,2,400,1,1,1,0,0,0,0,1,38,6
"1990",5,4,4,2,4,5,4,1,1,3,2,0,10,400,3,2,5,0,0,3,0,1,33,1
"1991",3,4,5,1,2,3,5,2,1,2,1,0,13,400,2,2,6,0,0,2,0,1,35,1
"1993",10,5,7,2,2,10,5,2,1,1,1,0,15,400,4,1,7,0,0,1,0,1,39,2
"2004",7,3,3,1,3,7,3,1,1,2,1,0,15,400,2,0,7,0,0,3,0,1,43,1
"2005",4,1,7,2,2,4,3,1,1,3,2,0,14,400,4,2,5,0,0,1,0,1,31,1
"2009",6,4,1,1,1,7,3,2,1,3,2,0,3,400,2,2,8,0,0,3,0,1,62,1
"2016",4,1,2,2,3,4,1,2,1,3,2,0,12,400,4,2,8,0,0,0,0,1,61,1
"2021",10,4,4,2,4,11,3,2,1,2,1,0,12,400,1,0,7,1,0,3,0,1,28,1
"2022",11,1,7,2,2,11,2,2,0,2,1,0,4,400,1,2,7,0,0,3,0,1,45,1
"2023",11,3,3,2,4,11,4,2,1,3,2,0,12,400,4,2,7,0,0,0,4,2,47,3
"2024",7,3,6,2,4,7,3,2,1,1,1,0,3,400,1,0,7,0,0,1,0,1,31,1
"2032",6,1,3,2,1,6,2,2,0,7,3,0,6,400,1,2,8,0,0,3,0,1,56,3
"2039",4,4,1,2,5,5,1,2,1,3,2,0,1,500,3,2,6,0,0,0,3,3,37,2
"2042",3,5,1,2,2,4,4,1,1,7,3,0,4,400,3,2,8,0,0,1,0,1,54,6
"2049",11,2,6,2,3,11,3,2,0,2,1,0,12,400,4,0,8,0,0,0,0,1,47,1
"2055",12,5,4,2,7,1,1,1,0,2,1,0,11,400,2,0,6,0,0,1,0,1,31,1
"2061",1,4,6,1,2,1,5,2,1,3,2,0,14,400,2,0,8,0,0,3,0,1,45,2
"2064",11,1,4,2,5,11,4,2,1,2,1,0,8,400,2,2,7,0,0,1,0,1,34,1
"2068",4,1,5,2,2,4,1,2,1,3,2,0,4,400,1,2,5,0,0,0,0,1,33,1
"2073",8,1,1,2,5,8,2,2,1,3,2,0,14,400,4,1,8,0,0,1,0,1,438,2
"2075",11,2,7,2,1,11,3,1,1,1,1,0,12,400,2,1,5,0,0,3,0,1,23,0.5
"2076",7,4,7,2,2,7,4,1,0,1,1,0,16,400,3,2,5,0,0,0,0,1,21,1
"2079",8,2,6,2,3,9,2,2,1,2,1,0,5,400,1,0,8,0,0,2,0,1,46,2
"2081",9,3,7,2,1,9,3,2,1,3,2,0,11,400,4,2,7,0,0,0,0,1,34,2
"2089",7,5,7,2,5,8,1,1,1,3,2,0,10,400,4,2,6,0,0,0,0,1,32,1
"2100",10,2,2,2,1,10,3,1,1,1,1,0,3,400,1,1,7,0,0,3,0,1,29,1
"2114",2,4,4,2,3,3,1,2,1,3,2,0,2,400,2,2,6,0,0,0,0,1,37,2
"2118",6,1,2,2,1,6,2,1,0,1,1,0,14,400,4,0,3,0,0,3,0,1,24,1
"2120",7,3,1,2,2,7,3,2,1,2,1,0,11,400,2,0,7,0,0,0,0,1,538,1
"2126",8,2,3,2,3,8,3,1,1,3,2,0,13,400,4,0,7,0,0,3,0,1,438,1
"2127",8,4,1,2,1,8,4,2,1,3,2,0,10,400,4,2,8,0,0,3,0,1,48,2
"2128",9,2,6,2,4,9,3,2,0,2,1,0,4,400,1,0,7,0,0,0,0,1,42,1
"2129",10,2,2,2,5,10,2,2,1,1,1,0,13,400,3,0,7,0,0,0,0,1,34,0.5
"2138",2,3,6,2,2,3,3,2,0,2,1,0,8,400,2,1,6,0,0,3,0,1,32,1
"2151",12,2,1,2,2,12,2,2,0,3,2,0,16,400,2,3,7,0,0,1,0,1,43,2
"2156",6,2,7,1,1,6,2,2,0,1,1,0,7,400,1,1,8,0,0,3,0,1,38,1
"2160",6,4,2,2,4,6,4,2,0,1,1,0,4,400,4,1,7,0,0,0,0,1,42,1
"2165",12,3,3,2,4,12,3,1,1,3,2,0,5,400,4,0,7,0,0,2,0,1,49,1
"2169",12,3,1,2,1,12,3,2,1,3,2,0,1,400,4,2,7,0,0,0,0,1,49,2
"2176",10,4,4,2,1,11,2,2,1,3,2,0,13,400,3,2,1,0,0,0,0,1,33,6
"2182",11,4,5,2,1,12,2,2,1,2,1,0,7,400,2,1,7,0,0,3,0,1,43,1
"2185",9,3,1,2,3,9,3,2,0,1,1,0,10,400,2,2,6,0,0,0,0,1,29,1
"2186",9,2,4,2,5,9,2,2,0,2,1,0,10,400,1,2,6,0,0,3,0,1,29,1
"2187",2,3,5,2,2,2,4,2,1,1,1,0,1,400,4,3,8,0,0,2,0,1,64,6
"2188",6,4,1,2,3,6,5,1,0,1,1,0,14,400,1,0,7,0,0,1,0,1,32,1
"2191",5,1,1,2,2,5,1,2,1,2,1,0,1,400,2,0,6,0,0,0,0,1,33,1
"2197",5,3,2,2,5,6,2,2,1,1,1,0,15,400,2,2,7,0,0,0,0,1,39,6
"2206",7,3,5,1,2,7,3,2,1,1,1,0,8,400,2,0,8,0,0,3,0,1,59,1
"2207",12,2,6,2,2,12,2,2,1,3,2,0,12,400,1,2,7,0,0,2,0,1,38,6
"2214",7,4,7,2,2,8,1,2,1,1,1,0,1,400,4,2,7,0,0,3,0,1,42,0.5
"2220",12,1,6,2,1,12,1,3,0,2,1,0,7,400,1,1,5,0,0,0,4,2,35,1
"2221",12,2,2,2,2,12,2,1,1,3,2,0,6,400,4,1,6,0,0,3,0,1,34,1
"2222",4,2,2,2,2,5,2,2,1,7,3,0,2,400,2,2,8,0,0,3,0,1,56,6
"2225",9,3,1,2,2,10,1,2,0,1,1,0,9,400,4,1,8,0,0,0,0,3,49,0.5
"2231",7,1,2,2,2,7,1,2,1,3,2,0,5,400,4,3,8,0,0,3,0,1,538,6
"2233",10,2,3,2,1,11,3,1,0,3,2,0,1,400,4,3,6,0,0,2,0,1,338,1
"2249",7,1,7,2,1,7,1,2,1,3,2,0,9,400,2,2,7,0,0,0,0,1,41,1
"2258",7,1,2,2,4,7,2,2,1,2,1,0,3,700,2,0,8,0,0,0,0,1,78,1
"2259",7,2,1,2,4,7,3,2,0,2,1,0,8,400,4,3,7,0,0,2,0,1,32,1
"2273",1,4,2,2,3,1,4,2,1,1,1,0,12,400,4,2,7,1,1,3,0,1,32,1
"2274",6,1,6,2,5,6,2,2,1,3,2,0,8,400,3,3,8,0,0,1,0,1,51,1
"2275",10,2,3,2,3,10,2,2,1,2,1,0,11,400,4,1,7,0,0,0,0,1,28,1
"2278",2,1,7,2,2,2,2,1,0,2,1,0,7,400,1,2,6,0,0,0,0,1,35,1
"2282",6,4,4,2,4,6,4,1,1,1,1,0,14,400,3,1,8,0,0,3,0,1,46,1
"2284",1,3,1,2,1,1,3,2,1,1,1,0,10,400,4,1,8,0,0,3,0,1,73,0.5
"2285",1,3,1,2,1,1,3,1,1,3,2,0,4,400,3,3,7,0,0,0,0,1,32,2
"2287",11,4,5,1,1,11,5,1,1,2,1,0,9,400,3,1,4,0,0,1,0,1,35,0.5
"2288",7,3,6,2,4,8,4,2,0,1,1,0,12,400,3,1,8,0,0,0,0,1,48,1
"2295",6,4,7,1,2,6,5,2,0,1,1,0,5,400,2,0,7,0,0,0,0,1,42,0.5
"2297",5,4,5,2,1,5,5,1,0,1,1,0,1,400,2,0,6,0,0,2,0,1,28,1
"2303",12,3,7,2,2,1,1,2,0,1,1,0,1,400,2,1,7,0,0,0,0,1,338,1
"2304",10,2,5,2,5,10,2,2,1,3,2,0,9,400,1,2,7,0,0,3,0,1,48,1
"2306",4,2,1,2,3,4,3,1,1,2,1,0,8,400,2,2,7,0,0,0,0,1,45,2
"2314",4,1,4,2,4,4,1,1,1,3,2,0,15,400,3,2,5,0,0,0,0,1,26,1
"2318",12,5,5,2,1,1,2,2,1,1,1,0,6,400,2,0,7,0,0,0,0,1,33,0.5
"2324",1,1,7,2,2,1,1,1,1,3,2,0,7,400,1,1,7,0,0,3,0,1,26,2
"2327",3,2,5,2,2,3,4,1,1,3,2,0,6,400,2,3,6,0,0,1,0,1,28,1
"2335",3,1,2,2,4,3,1,2,1,3,2,0,11,400,4,2,8,0,0,3,0,1,47,1
"2340",2,2,5,2,5,2,2,2,0,3,2,0,15,400,3,2,7,0,0,2,0,1,45,6
"2343",3,1,7,2,3,3,2,1,1,2,1,0,2,400,4,2,6,0,0,0,0,1,29,1
"2354",1,3,3,2,1,1,5,1,0,1,1,0,7,400,3,0,7,0,0,3,0,1,38,1
"2363",1,5,5,2,1,1,5,2,1,2,1,0,15,400,3,0,7,0,0,3,0,1,53,1
"2367",4,2,1,2,3,4,3,2,1,2,1,0,13,400,4,2,6,0,0,0,0,1,26,2
"2369",7,5,5,2,5,7,5,2,0,2,1,0,14,400,1,0,7,0,0,0,0,1,39,1
"2374",3,1,6,2,3,3,2,1,1,3,2,0,6,400,1,3,6,0,0,3,0,1,32,1
"2384",5,3,1,2,2,5,3,2,1,3,2,0,14,400,1,3,7,0,0,1,0,1,37,2
"2405",2,2,1,2,1,2,2,1,1,2,1,0,2,400,3,1,1,0,0,0,0,1,38,6
"2406",2,2,3,2,4,2,3,2,1,2,1,0,16,400,4,2,6,0,0,2,0,1,438,6
"2426",4,1,7,2,5,4,2,2,1,3,2,0,4,400,2,2,7,0,0,0,4,2,46,1
"2434",7,5,3,2,3,8,1,2,0,2,1,0,14,400,4,0,8,0,0,0,4,2,54,1
"2439",8,3,3,2,5,8,4,2,1,2,1,0,13,400,3,2,7,0,0,3,0,1,39,1
"2445",5,2,7,2,2,5,2,2,0,2,1,0,13,400,3,2,6,0,0,1,0,1,28,1
"2461",1,3,7,2,4,1,3,1,1,2,1,0,15,400,4,2,5,0,0,0,0,1,22,2
"2470",11,3,4,2,1,11,3,2,0,2,1,0,10,400,3,2,8,0,0,2,0,1,538,2
"2473",7,3,1,2,3,7,4,2,1,1,1,0,6,400,3,2,8,0,0,2,0,3,67,1
"2481",3,3,2,2,4,3,3,1,1,1,1,0,15,400,4,1,5,0,0,0,0,1,34,0.5
"2489",5,5,1,2,4,6,4,2,1,7,3,0,3,400,3,3,6,0,0,0,0,1,36,3
"2493",3,4,7,2,1,3,4,1,1,2,1,0,12,400,2,3,6,0,0,1,0,1,31,1
"2494",10,5,5,2,4,11,2,2,1,2,1,0,10,400,3,0,8,0,0,0,0,1,54,2
"2495",8,4,2,2,4,8,4,1,0,1,1,0,1,400,3,2,7,0,0,2,0,1,31,2
"2496",6,1,1,2,1,6,1,2,1,3,2,0,4,400,1,2,7,0,0,0,0,1,44,1
"2497",4,5,4,2,5,4,5,2,1,2,1,0,13,400,4,2,7,0,0,0,0,1,55,2
"2507",11,3,4,2,5,11,3,2,1,2,1,0,2,400,2,2,8,0,0,0,0,1,55,2
"2509",10,3,6,2,4,2,1,2,1,1,1,0,15,400,4,0,7,0,0,0,0,1,63,1
"2510",3,1,6,2,2,3,2,1,1,2,1,0,1,400,2,3,6,0,0,1,0,1,35,1
"2511",10,1,3,1,4,10,1,1,1,1,1,0,4,400,4,1,6,0,0,1,0,1,27,1
"2512",10,1,2,2,4,10,1,2,1,7,3,0,9,400,1,3,7,0,0,0,0,1,43,3
"2518",3,5,3,2,3,3,5,2,1,2,1,0,2,400,1,0,7,0,0,1,0,1,48,2
"2519",3,3,3,2,4,3,3,2,1,2,1,0,9,400,4,2,7,0,0,3,0,1,31,2
"2522",3,1,5,1,1,4,3,1,1,2,1,0,1,400,4,1,1,0,0,0,0,1,38,6
"2528",11,4,3,2,3,11,4,2,1,3,2,0,13,400,2,2,7,0,0,0,0,1,34,2
"2531",7,5,1,1,2,8,1,2,1,2,1,0,15,400,4,0,8,0,0,0,4,3,41,2
"2533",8,5,1,2,4,9,4,1,1,2,1,0,9,400,1,3,6,0,0,3,0,1,338,2
"2545",8,2,1,2,3,8,2,2,1,2,1,0,11,400,3,0,8,0,0,0,0,1,57,1
"2546",5,2,4,2,5,5,2,1,1,2,1,0,11,400,2,0,1,0,0,0,0,1,38,6
"2547",3,4,1,2,1,3,4,1,1,3,2,0,1,400,3,2,3,0,0,2,4,2,23,1
"2554",10,4,6,2,3,10,4,2,1,3,2,0,11,400,3,3,7,0,0,3,0,1,39,1
"2557",11,4,6,2,1,11,5,2,1,3,2,0,8,400,1,2,7,0,0,0,0,1,36,1
"2558",4,4,6,2,1,4,4,2,1,3,2,0,11,400,2,2,5,0,0,3,0,1,32,2
"2560",7,1,6,2,4,7,2,2,1,3,2,0,12,400,3,2,8,0,0,1,0,1,41,2
"2571",4,2,3,2,3,4,3,1,0,3,2,0,16,400,1,2,1,0,0,0,0,1,38,6
"2573",11,4,1,2,1,11,4,2,1,2,1,0,9,400,3,0,7,0,0,0,0,1,39,1
"2575",3,1,1,2,2,3,2,2,1,3,2,0,5,400,1,2,7,0,0,3,0,1,51,1
"2577",12,3,7,2,2,12,3,2,1,1,1,0,10,400,2,1,6,0,0,3,0,1,44,0.5
"2584",4,1,7,2,2,4,1,2,1,3,2,0,2,400,4,3,7,0,0,1,0,1,438,2
"2588",11,1,4,2,4,11,2,2,1,3,2,0,15,400,4,3,8,0,0,1,0,1,76,2
"2592",6,1,6,2,1,6,2,1,1,2,1,0,11,400,1,0,2,0,0,3,0,1,18,1
"2601",7,3,6,2,1,8,1,2,1,3,2,0,9,400,1,3,7,0,0,1,0,1,27,1
"2603",1,1,3,2,4,1,1,2,1,1,1,0,15,400,4,0,6,0,0,2,0,1,32,6
"2605",4,4,1,1,3,6,2,2,1,1,1,0,9,400,1,1,6,0,0,0,0,1,33,2
"2609",7,2,5,2,5,7,3,2,1,2,1,0,12,400,2,2,7,0,0,0,0,1,32,2
"2616",8,4,2,2,4,9,1,2,1,3,2,0,10,400,3,3,7,0,0,3,0,1,42,6
"2621",12,3,2,2,3,12,3,2,1,3,2,0,6,400,1,1,7,0,0,0,0,1,42,2
"2622",12,3,3,2,5,12,4,2,1,2,1,0,11,400,2,1,7,0,0,0,0,1,29,1
"2623",4,2,3,2,1,5,1,2,1,1,1,0,7,400,2,0,7,0,0,0,0,1,44,2
"2636",10,5,1,2,2,11,1,2,1,3,2,0,10,400,3,1,8,0,0,3,0,1,638,2
"2657",12,4,6,2,3,12,4,2,1,1,1,0,10,400,3,2,8,0,0,0,4,2,52,1
"2658",3,3,3,1,3,3,3,2,1,3,2,0,15,400,1,2,7,0,0,0,0,1,51,1
"2660",11,2,4,2,4,11,2,2,1,2,1,0,10,400,1,0,8,0,0,0,0,1,47,1
"2667",10,3,6,2,4,10,3,1,1,3,2,0,4,400,1,3,5,0,0,1,0,1,35,6
"2675",3,2,2,2,4,4,3,2,1,2,1,0,1,400,3,2,6,0,0,1,0,1,26,1
"2676",4,3,2,2,4,6,2,2,1,3,2,0,11,400,1,2,7,0,0,0,0,1,438,3
"2678",3,1,4,2,4,3,3,2,1,3,2,0,10,400,1,3,7,0,0,1,0,1,438,1
"2687",11,2,2,2,3,11,2,2,1,1,1,0,8,400,2,1,7,0,0,2,0,1,52,6
"2688",12,1,7,2,4,12,3,2,0,1,1,0,15,400,4,3,8,0,0,2,0,1,51,1
"2695",1,2,7,2,1,1,2,2,1,3,2,0,6,400,1,2,8,0,0,3,0,1,46,2
"2704",6,1,3,2,2,10,2,2,1,3,2,0,15,400,1,2,7,0,0,0,0,1,338,1
"2707",9,4,1,2,3,9,4,2,0,2,1,0,10,400,3,0,7,0,0,0,0,1,27,1
"2710",6,5,4,2,5,7,1,1,1,2,1,0,3,400,1,1,6,0,0,0,4,2,33,1
"2712",7,1,6,2,1,7,1,2,1,3,2,0,6,400,4,2,7,0,0,3,0,1,43,6
"2719",10,1,1,2,2,10,1,2,1,3,2,0,16,400,4,2,8,0,0,0,0,1,55,1
"2727",1,3,3,2,3,1,3,2,1,2,1,0,2,400,3,0,8,0,0,3,4,2,46,1
"2731",9,4,2,2,1,10,1,2,0,1,1,0,14,400,1,0,8,0,0,2,0,1,54,1
"2742",8,2,2,2,2,8,2,1,0,3,2,0,13,400,4,2,7,0,0,2,0,1,42,2
"2745",9,2,5,2,1,9,2,1,1,3,2,0,6,400,4,2,7,0,0,3,0,1,41,6
"2747",6,2,1,2,1,6,2,2,1,3,2,0,7,400,2,1,7,0,0,1,0,1,39,1
"2752",10,1,6,2,1,11,2,2,1,3,2,0,9,400,4,3,8,0,0,2,0,1,55,1
"2755",8,4,2,2,3,8,4,2,1,1,1,0,1,400,1,1,8,0,0,0,0,1,53,0.5
"2757",6,2,4,2,4,6,3,2,0,5,2,0,9,400,2,0,8,0,0,0,0,1,45,6
"2759",1,1,1,2,3,1,1,2,1,2,1,0,8,700,1,2,7,0,0,0,0,1,34,1
"2761",12,2,3,2,3,12,2,2,0,2,1,0,8,400,3,0,7,0,0,1,0,1,338,1
"2764",4,3,5,2,4,4,4,1,0,2,1,0,1,400,1,0,6,0,0,0,0,1,34,1
"2765",11,1,6,2,1,11,4,2,1,1,1,0,12,400,1,0,7,0,0,1,0,1,38,1
"2768",4,3,2,2,4,5,1,2,1,3,2,0,3,400,4,2,7,0,0,3,0,1,27,2
"2779",1,3,7,2,4,1,4,2,1,3,2,0,4,400,4,2,7,0,0,0,0,1,538,1
"2781",10,3,3,2,3,10,3,2,0,2,1,0,8,400,4,0,6,0,0,0,0,1,37,0.5
"2783",1,1,3,2,4,1,1,2,0,3,2,0,15,400,1,0,7,0,0,0,0,1,338,1
"2813",1,3,6,2,1,1,3,1,1,1,1,0,4,400,1,0,6,0,0,0,0,1,24,1
"2816",1,2,7,2,1,1,3,2,0,3,2,0,11,400,3,0,8,0,0,0,4,2,64,2
"2820",10,2,1,2,1,10,2,2,0,1,1,0,11,400,2,1,7,0,0,0,0,1,63,0.5
"2829",2,2,3,2,2,2,3,2,0,1,1,0,3,400,1,0,6,0,0,0,0,1,27,0.5
"2830",2,1,2,2,5,2,1,2,1,3,2,0,11,400,2,1,6,0,0,2,0,1,29,1
"2832",10,2,3,2,3,10,3,2,1,3,2,0,8,400,3,1,8,0,0,0,0,1,41,1
"2836",12,2,6,1,4,1,4,2,1,1,1,0,1,400,3,0,8,0,0,1,0,1,61,2
"2840",3,2,1,2,2,3,3,2,1,3,2,0,2,700,4,3,8,0,0,0,0,1,63,6
"2843",6,5,3,2,1,11,4,2,1,2,1,0,11,400,1,2,6,0,0,3,0,1,32,1
"2853",10,1,4,2,4,10,2,1,1,1,1,0,14,400,1,2,6,0,0,1,0,1,34,1
"2859",8,2,1,1,4,8,2,2,1,2,1,0,13,400,2,2,7,0,0,0,0,3,27,2
"2861",5,3,2,2,3,6,1,2,1,2,1,0,3,400,1,0,8,0,0,0,0,1,53,2
"2863",3,5,3,2,1,4,1,2,1,7,3,0,7,400,1,1,8,0,0,0,4,2,53,6
"2864",11,1,6,2,6,11,1,1,1,3,2,0,11,400,4,2,6,0,0,0,0,1,29,1
"2868",11,1,4,2,3,11,2,2,0,1,1,0,9,400,3,0,7,0,0,1,4,2,43,0.5
"2869",7,1,6,2,1,7,1,2,1,1,1,0,6,400,1,0,7,0,0,1,0,1,26,1
"2872",10,4,6,2,1,10,4,2,1,2,1,0,15,400,3,0,8,0,0,1,0,1,54,1
"2876",3,1,3,2,5,3,1,2,1,3,2,0,3,400,2,0,6,0,0,0,4,2,34,1
"2880",3,4,5,2,2,4,1,1,1,1,1,0,11,400,4,0,1,0,0,0,4,2,38,6
"2884",12,4,4,2,2,12,4,1,1,3,2,0,11,400,3,0,3,0,0,0,3,1,24,1
"2886",2,4,5,2,1,2,4,1,1,2,1,0,9,400,1,0,7,0,0,3,0,1,44,1
"2887",3,1,4,2,2,3,5,1,1,2,1,0,6,400,1,2,6,0,0,2,0,1,34,1
"2888",3,1,6,2,3,3,2,2,1,3,2,0,5,400,2,2,8,0,0,0,0,1,59,1
"2899",9,2,7,2,2,9,2,1,1,3,2,0,9,500,4,2,7,0,0,2,3,1,338,2
"2901",6,5,4,2,1,7,1,2,1,3,2,0,16,400,2,3,7,0,0,0,0,1,58,1
"2904",4,3,1,2,2,4,3,1,1,3,2,0,11,400,4,2,7,0,0,3,4,2,32,1
"2905",4,1,7,2,3,4,1,1,1,1,1,0,4,400,3,0,4,0,0,0,0,1,25,0.5
"2911",2,1,6,2,1,2,4,2,1,7,3,0,10,400,4,0,6,0,0,0,2,2,32,6
"2916",10,4,3,2,4,11,1,2,0,1,1,0,16,400,3,1,8,0,0,2,0,1,54,1
"2929",1,2,6,2,2,1,2,1,1,3,2,0,1,700,1,0,8,0,0,0,0,1,738,1
"2944",10,5,5,2,2,11,1,2,0,1,1,0,5,500,3,0,7,0,0,0,3,2,53,1
"2947",7,4,7,2,1,7,4,2,1,2,1,0,12,400,3,2,7,0,0,0,0,1,36,1
"2948",11,1,6,2,5,11,3,2,0,1,1,0,8,400,1,1,8,0,0,0,0,1,59,1
"2950",8,4,7,2,1,9,3,2,1,1,1,0,7,400,2,1,7,0,0,0,0,1,31,2
"2954",5,5,2,2,5,6,4,2,1,3,2,0,7,400,3,2,7,0,0,0,0,1,74,1
"2958",8,2,4,2,5,8,2,1,1,2,1,0,10,400,3,1,5,0,0,3,0,1,24,1
"2959",6,3,7,2,4,6,5,2,1,2,1,0,10,400,2,2,2,0,0,1,0,1,41,1
"2967",11,3,1,2,3,11,3,2,0,1,1,0,7,400,1,2,8,0,0,1,0,1,51,2
"2970",10,5,1,2,4,11,3,1,0,5,2,0,14,400,1,0,3,0,0,0,0,1,19,6
"2972",9,1,5,2,1,9,1,2,1,3,2,0,15,400,4,2,8,0,0,1,0,1,53,1
"2977",3,3,3,2,4,3,3,2,1,2,1,0,3,400,4,0,6,0,0,1,0,1,31,2
"2994",11,3,4,2,5,11,3,1,1,3,2,0,14,400,4,2,6,0,0,0,0,1,22,1
"2999",11,1,4,2,5,11,3,2,0,1,1,0,6,500,1,2,8,0,0,0,3,1,49,1
"3000",6,1,5,1,1,6,1,2,0,1,1,0,9,400,4,1,8,0,0,0,0,1,52,1
"3001",7,1,1,2,1,7,1,2,1,3,2,0,6,400,4,1,8,0,0,3,0,1,69,1
"3015",11,5,2,2,5,12,1,1,1,1,1,0,10,400,1,0,7,0,0,0,0,1,27,1
"3020",8,2,2,2,3,8,2,2,0,1,1,0,16,400,2,2,8,0,0,3,0,1,61,1
"3021",7,2,2,2,3,8,3,2,0,2,1,0,8,400,1,0,7,0,0,0,0,1,39,1
"3025",12,4,6,1,2,12,4,2,1,1,1,0,12,400,4,0,7,0,0,1,0,1,39,0.5
"3026",1,4,4,2,5,2,1,2,1,3,2,0,3,400,4,0,7,0,0,0,0,1,27,2
"3027",3,4,4,2,3,4,1,2,0,1,1,0,6,400,1,0,8,0,0,3,0,1,63,1
"3032",6,3,7,2,1,6,3,2,0,1,1,0,12,400,3,1,7,0,0,0,0,1,37,0.5
"3036",1,5,1,2,4,3,2,2,1,2,1,0,1,400,3,0,7,0,0,3,0,1,35,2
"3044",12,1,7,2,1,12,1,2,1,2,1,0,3,400,3,0,7,0,0,0,0,1,29,2
"3055",6,5,4,2,2,7,1,2,1,1,1,0,15,400,2,3,7,0,0,0,0,1,44,1
"3056",12,3,4,2,4,12,3,1,1,3,2,0,1,400,4,3,6,0,0,3,0,1,33,1
"3078",12,2,5,2,1,12,2,1,1,1,1,0,2,400,4,0,5,1,0,0,0,1,21,0.5
"3081",8,4,1,2,1,8,4,2,1,3,2,0,11,400,1,3,6,0,0,0,0,1,538,1
"3093",8,5,3,2,1,9,1,1,1,1,1,0,12,400,3,2,7,0,0,0,0,1,31,0.5
"3097",8,4,3,2,5,9,1,2,1,3,2,0,1,400,3,2,7,0,0,0,0,1,45,1
"3100",7,1,7,2,1,7,1,2,1,3,2,0,11,400,4,3,7,0,0,3,0,1,38,3
"3101",12,2,3,2,3,12,2,2,1,3,2,0,5,400,4,1,5,0,0,1,0,1,34,2
"3103",8,4,5,2,5,9,2,2,1,3,2,0,15,400,4,3,7,0,0,3,0,1,42,2
"3114",9,1,1,2,1,9,1,2,0,4,2,0,15,400,1,1,8,0,0,0,0,1,49,0.5
"3115",8,2,1,2,4,8,2,2,1,2,1,0,12,400,2,2,8,0,0,0,0,1,64,2
"3121",12,2,4,2,3,12,3,4,1,3,2,0,12,400,1,2,7,0,0,1,0,1,41,1
"3127",6,4,1,1,3,6,5,2,1,3,2,0,2,400,4,1,8,0,0,0,0,1,48,6
"3136",6,3,1,2,5,6,4,2,1,2,1,0,11,400,1,0,7,0,0,0,0,1,26,2
"3138",10,2,4,2,1,10,3,2,0,3,2,0,4,400,1,2,8,0,0,2,0,3,52,1
"3143",1,2,2,2,2,1,2,2,1,3,2,0,5,400,4,3,8,0,0,3,0,3,47,2
"3154",11,1,7,2,2,11,3,2,1,3,2,0,16,400,2,2,7,0,0,3,0,1,37,2
"3162",1,1,4,2,2,1,2,2,1,2,1,0,1,400,1,0,7,0,0,0,0,1,36,1
"3180",3,5,3,2,5,3,5,2,0,3,2,0,5,400,4,2,7,0,0,3,0,1,38,5
"3185",9,4,3,2,7,10,1,2,1,3,2,0,7,400,2,2,6,0,0,0,0,1,27,1
"3189",1,4,6,2,2,1,4,2,0,2,1,0,14,700,1,1,7,0,0,3,0,1,39,1
"3193",10,3,2,2,2,10,3,1,1,3,2,0,7,400,2,2,5,0,0,0,0,1,33,1
"3201",10,3,6,2,1,10,3,2,1,2,1,0,13,400,3,2,7,0,0,0,0,1,54,1
"3219",5,1,7,1,4,5,2,1,0,1,1,0,14,400,1,2,3,0,0,2,0,1,22,1
"3226",9,1,5,2,3,9,2,2,1,2,1,0,5,400,2,0,7,0,0,2,0,1,28,2
"3228",2,4,6,2,3,3,1,2,1,3,2,0,2,400,1,0,7,0,0,1,0,1,41,1
"3237",4,4,3,2,1,5,5,1,1,1,1,0,12,400,2,2,7,0,0,3,4,2,26,6
"3240",10,2,3,2,4,10,2,2,1,3,2,0,1,400,3,3,6,0,0,1,0,1,338,1
"3247",3,4,4,1,1,3,4,2,1,2,1,0,14,400,3,0,7,0,0,0,0,1,39,1
"3248",2,3,2,2,2,2,3,2,1,2,1,0,9,400,2,1,7,0,0,3,0,1,41,1
"3249",2,1,7,2,4,2,2,1,1,2,1,0,5,400,2,0,7,1,0,0,0,1,39,1
"3271",1,1,7,1,4,2,1,2,1,1,1,0,15,400,1,0,8,0,0,0,0,1,49,2
"3272",12,5,5,2,1,1,1,2,0,1,1,0,10,700,2,2,7,0,0,0,0,1,43,1
"3273",1,2,1,2,1,1,4,1,1,3,2,0,14,400,1,2,8,0,0,0,0,1,44,6
"3274",1,2,2,2,5,1,3,1,1,3,2,0,10,400,4,2,6,0,0,3,0,1,26,2
"3276",1,4,1,2,1,1,4,2,1,3,2,0,5,400,1,2,5,0,0,0,0,1,33,6
"3280",1,1,5,2,1,1,2,2,1,2,1,0,6,400,3,1,8,0,0,3,0,1,59,6
"3281",1,2,1,2,3,1,2,2,1,2,1,0,16,700,1,0,8,0,0,2,0,1,51,1
"3284",2,1,6,2,5,2,2,2,1,1,1,0,16,400,3,2,7,0,0,0,0,1,38,1
"3293",1,5,1,2,2,2,3,2,0,1,1,0,8,400,2,1,8,0,0,0,0,1,39,1
"3311",10,3,5,2,5,10,4,2,1,1,1,0,4,400,2,1,8,0,0,0,0,1,36,2
"3315",7,4,3,2,2,8,2,2,1,1,1,0,8,400,4,0,8,0,0,0,0,1,55,0.5
"3316",4,4,4,2,1,4,4,1,0,3,2,0,14,400,1,3,6,0,0,3,0,1,28,2
"3321",6,1,6,2,3,6,2,2,1,7,3,0,9,400,3,0,7,0,0,1,0,1,38,6
"3330",9,4,7,2,3,9,5,1,1,2,1,0,9,400,1,1,7,0,0,2,0,1,338,1
"3333",3,2,7,2,3,3,4,2,1,2,1,0,11,400,1,0,6,0,0,0,0,1,26,2
"3338",7,1,1,2,4,6,5,2,1,2,1,0,4,400,1,1,7,0,0,1,0,1,41,1
"3345",6,2,4,2,5,6,2,2,0,3,2,0,12,400,2,3,6,0,0,1,0,1,31,1
"3348",3,3,7,2,3,3,4,2,0,1,1,0,16,400,4,0,7,0,0,1,4,2,47,1
"3349",6,4,5,1,1,6,4,1,1,3,2,0,10,400,2,1,8,0,0,1,0,1,438,2
"3355",6,4,6,2,2,7,3,1,1,7,3,0,16,400,2,2,7,0,0,3,2,2,55,6
"3362",3,2,5,2,1,3,2,1,1,3,2,0,4,400,2,2,7,0,0,3,4,2,438,1
"3366",10,2,2,2,2,10,2,1,1,2,1,0,16,400,4,2,5,0,0,0,0,1,32,1
"3372",3,4,3,2,4,3,4,1,1,3,2,0,6,400,4,1,7,0,0,1,0,1,438,0.5
"3377",2,1,5,2,3,2,2,2,1,3,2,0,9,500,4,2,7,0,0,1,3,1,45,1
"3378",4,1,1,2,5,4,3,1,0,5,2,0,14,400,3,0,5,0,0,0,0,1,31,6
"3384",5,3,1,2,2,5,3,2,0,7,3,0,6,400,3,0,6,0,0,0,4,2,33,6
"3386",10,5,1,2,1,10,5,1,1,3,2,0,11,400,2,0,6,0,0,3,0,1,35,1
"3391",3,2,2,2,2,3,2,2,1,2,1,0,5,400,2,2,8,0,0,0,4,2,75,1
"3392",3,1,1,2,4,3,2,2,1,1,1,0,6,400,3,2,7,0,0,0,0,1,45,1
"3395",6,2,5,2,5,6,3,2,1,3,2,0,11,400,2,0,7,0,0,1,0,1,42,1
"3399",6,3,5,2,2,6,4,2,1,1,1,0,15,400,2,1,7,0,0,1,4,2,44,2
"3401",6,5,2,2,2,6,5,1,1,3,2,0,15,400,1,1,6,0,0,0,0,1,338,1
"3402",8,4,7,2,4,8,4,1,0,2,1,0,11,400,4,0,7,0,1,2,0,1,26,2
"3404",10,3,2,2,5,10,4,2,0,2,1,0,12,400,2,0,7,0,0,0,0,1,35,2
"3406",3,1,1,2,1,3,1,2,1,3,2,0,15,400,3,2,7,0,0,3,2,1,45,2
"3423",7,1,3,1,4,7,4,1,1,1,1,0,9,400,4,0,6,0,0,3,0,1,31,1
"3428",4,5,5,2,2,5,1,2,1,2,1,0,16,400,4,0,8,0,0,0,0,1,47,2
"3439",11,4,1,2,1,11,4,1,1,3,2,0,10,400,4,3,6,0,0,2,0,1,29,2
"3441",7,5,4,2,4,7,5,2,1,3,2,0,14,400,3,3,6,0,0,2,0,1,28,1
"3448",7,5,7,1,2,8,1,1,1,1,1,0,8,400,3,1,6,0,0,2,0,1,32,1
"3450",7,4,7,1,2,8,1,2,1,2,1,0,9,400,4,0,6,0,0,0,0,1,32,1
"3456",1,3,1,2,3,1,3,1,0,5,2,0,16,400,3,2,7,0,0,0,0,1,338,6
"3465",7,3,2,2,3,7,3,2,0,1,1,0,7,400,4,2,7,0,0,0,0,1,29,1
"3469",3,2,5,2,1,3,2,2,0,3,2,0,7,400,1,2,6,0,0,2,0,1,32,1
"3470",5,4,3,2,4,6,1,2,1,3,2,0,15,400,4,3,8,0,0,1,0,1,66,2
"3482",10,2,6,2,2,10,2,2,1,5,2,0,2,400,2,0,7,0,0,0,0,1,59,6
"3491",10,1,1,2,1,10,1,2,1,3,2,0,5,400,2,1,8,0,0,2,0,1,49,1
"3496",4,5,5,2,2,5,2,2,1,3,2,0,15,400,1,3,8,0,0,0,0,1,43,3
"3500",12,2,4,2,3,12,3,1,1,2,1,0,14,400,1,2,7,0,0,2,0,1,28,1
"3504",9,3,1,2,2,9,3,1,1,3,2,0,2,400,2,0,7,0,0,0,0,1,32,1
"3507",7,2,5,1,1,7,2,2,1,2,1,0,15,400,4,1,8,0,0,2,0,1,53,1
"3508",12,1,1,2,1,12,1,2,1,3,2,0,1,400,1,2,4,0,0,0,0,1,33,1
"3509",10,5,5,1,5,10,5,1,0,3,2,0,8,400,1,0,5,0,0,0,0,1,33,1
"3525",12,2,7,2,1,12,2,1,1,2,1,0,16,400,3,3,5,0,0,1,0,1,22,1
"3526",9,1,2,2,3,9,1,2,0,1,1,0,15,400,4,0,7,0,0,0,0,1,41,1
"3530",12,1,5,2,2,12,2,2,0,1,1,0,16,400,4,0,7,0,0,0,0,1,438,2
"3531",12,1,4,2,5,12,1,2,1,1,1,0,13,400,1,2,7,0,0,3,0,1,338,1
"3537",10,4,4,1,2,12,2,2,1,1,1,0,12,400,3,0,6,0,0,3,0,1,838,1
"3542",9,4,5,2,5,10,3,2,0,3,2,0,3,400,2,2,7,0,0,2,0,1,33,2
"3543",5,5,2,2,1,7,2,2,1,2,1,0,4,400,1,2,7,0,0,1,0,1,38,2
"3545",10,4,6,1,2,10,4,2,1,2,1,0,12,400,4,0,8,0,0,0,0,1,53,5
"3552",12,1,2,2,4,12,3,1,0,2,1,0,11,400,1,0,6,0,0,0,0,1,56,1
"3565",7,2,4,2,1,7,2,2,1,2,1,0,10,400,3,2,8,0,0,3,0,1,53,1
"3569",1,1,1,2,1,1,2,2,1,1,1,0,7,400,3,0,8,0,0,1,0,1,77,6
"3577",8,4,3,2,1,9,1,2,1,2,1,0,15,400,3,2,7,0,0,1,0,1,68,1
"3581",7,2,2,2,2,7,2,2,1,3,2,0,15,400,3,3,6,0,0,3,2,1,33,2
"3582",4,1,2,2,4,4,1,2,1,2,1,0,6,400,4,1,7,0,0,0,0,1,53,2
"3588",9,3,1,1,4,9,4,1,0,3,2,0,5,400,1,3,5,0,0,3,0,1,22,2
"3589",9,2,2,2,5,9,3,2,0,2,1,0,12,400,1,1,8,0,0,3,0,1,76,1
"3591",4,4,6,2,1,5,1,1,1,2,1,0,12,400,1,0,6,1,0,0,0,1,26,2
"3594",9,2,4,2,2,9,2,2,1,7,3,0,11,400,2,3,7,0,0,2,0,1,44,6
"3597",10,3,4,2,5,10,3,1,1,3,2,0,9,400,2,2,1,0,0,0,3,1,38,6
"3607",5,2,6,2,2,5,5,1,0,3,2,0,9,400,2,2,5,0,0,2,0,1,24,1
"3619",10,4,5,2,2,10,5,1,1,2,1,0,15,400,2,0,7,0,0,0,0,1,338,1
"3621",5,1,5,2,3,5,2,2,1,7,3,0,6,400,3,2,8,0,0,1,0,1,63,6
"3624",12,4,4,2,5,12,4,2,1,3,2,0,14,400,3,3,8,0,0,0,0,1,39,2
"3627",4,3,6,2,1,4,3,2,1,3,2,0,14,400,2,1,7,0,0,3,0,1,41,1
"3629",5,3,1,2,1,5,3,2,0,2,1,0,3,400,1,0,8,0,0,2,0,1,56,1
"3631",10,3,2,2,2,10,3,2,1,3,2,0,11,400,3,3,6,0,0,2,0,1,35,1
"3633",2,2,2,2,3,2,3,2,0,1,1,0,7,400,2,2,7,0,0,0,0,1,58,2
"3635",10,4,1,2,1,10,4,2,0,2,1,0,1,400,1,1,6,0,0,3,0,1,27,1
"3636",9,4,7,2,3,10,1,2,0,1,1,0,2,400,3,2,6,0,0,2,0,1,32,1
"3640",1,4,2,2,3,5,3,1,1,2,1,0,3,700,3,3,7,1,0,3,0,1,26,1
"3644",11,2,3,2,1,11,2,2,1,3,2,0,11,400,1,2,6,0,0,3,0,1,638,6
"3658",12,4,3,2,3,12,4,1,1,3,2,0,1,400,2,0,6,0,0,0,0,1,27,1
"3675",7,2,7,2,1,7,2,2,1,3,2,0,15,400,4,2,8,0,0,3,0,1,74,1
"3684",1,4,2,2,4,1,4,3,1,2,1,0,7,400,2,3,5,1,0,0,0,1,31,1
"3694",6,1,7,2,2,6,1,2,1,2,1,0,1,400,2,0,8,0,0,0,0,1,38,1
"3708",2,3,5,2,3,2,4,1,0,2,1,0,1,400,1,3,6,0,0,0,0,1,29,1
"3711",4,1,1,2,4,4,2,2,1,1,1,0,12,400,3,2,8,0,0,0,0,1,42,2
"3714",6,3,4,2,4,6,3,2,1,3,2,0,6,500,4,3,6,0,0,3,3,1,53,1
"3716",5,2,4,2,5,5,2,2,1,5,2,0,6,400,4,0,7,0,0,0,0,1,338,6
"3746",2,4,1,2,1,2,4,2,1,1,1,0,16,400,4,0,8,0,0,2,0,1,53,1
"3757",1,1,6,2,5,1,2,2,1,3,2,0,1,400,2,2,7,0,0,0,0,1,41,2
"3758",1,1,6,2,2,1,1,2,0,1,1,0,9,400,4,0,7,0,0,3,0,1,33,1
"3759",1,1,2,2,3,1,3,1,1,3,2,0,7,400,2,2,7,0,0,0,0,1,36,1
"3760",1,2,1,2,1,1,2,1,1,3,2,0,3,400,1,3,6,0,0,3,0,1,32,2
"3762",1,2,1,2,2,1,2,2,1,3,2,0,5,400,3,2,8,0,0,1,0,1,52,1
"3764",1,2,4,2,4,1,2,1,1,2,1,0,1,400,3,1,5,0,0,0,0,1,35,1
"3765",1,3,4,2,5,1,4,2,1,3,2,0,11,400,2,2,8,0,0,0,0,1,47,2
"3767",12,4,7,2,4,1,1,1,1,1,1,0,12,400,4,2,5,0,0,0,0,1,21,2
"3769",1,2,1,2,4,1,2,1,0,2,1,0,5,400,3,2,5,0,0,2,0,1,32,0.5
"3773",2,2,5,2,2,2,4,1,0,1,1,0,8,400,3,1,6,0,0,0,0,1,28,1
"3779",5,3,4,2,5,5,3,1,1,1,1,0,15,500,3,2,6,0,0,0,3,3,338,2
"3780",3,3,1,2,3,3,4,2,0,2,1,0,16,400,1,1,7,0,0,0,0,1,64,1
"3781",3,1,4,2,6,3,1,1,1,3,2,0,14,400,2,3,7,0,0,0,0,1,29,1
"3782",2,4,3,2,4,2,4,2,1,1,1,0,4,400,3,0,7,0,0,1,0,1,76,0.5
"3787",2,2,1,2,4,2,2,2,0,2,1,0,14,400,2,2,7,0,0,3,0,1,31,1
"3789",1,5,1,2,1,2,2,1,0,3,2,0,9,400,3,2,1,0,0,0,0,1,38,6
"3790",1,5,5,2,5,1,5,2,1,3,2,0,7,400,4,2,6,0,0,0,0,1,26,1
"3792",12,1,6,2,4,2,3,1,1,1,1,0,5,400,4,0,5,0,0,0,0,1,25,6
"3794",6,3,7,2,1,6,3,2,1,2,1,0,3,400,3,2,8,0,0,0,0,1,41,1
"3795",10,3,6,2,1,10,3,2,1,3,2,0,5,400,2,2,7,0,0,0,0,1,48,1
"3797",8,1,3,2,5,8,1,1,0,1,1,0,6,400,3,2,7,0,0,2,0,1,338,1
"3805",2,2,5,2,7,2,2,2,1,1,1,0,10,400,4,0,5,0,0,3,0,1,41,0.5
"3812",11,3,3,2,3,11,4,2,1,5,2,0,4,400,1,0,8,0,0,0,0,1,75,6
"3813",10,3,3,2,4,10,4,1,0,3,2,0,1,400,2,2,6,0,0,0,0,1,29,1
"3817",9,4,7,2,2,9,4,2,1,1,1,0,15,400,2,2,8,0,0,3,0,1,65,6
"3819",11,2,6,2,1,11,3,1,1,2,1,0,1,500,4,2,6,0,0,0,3,1,33,1
"3820",4,1,7,2,2,5,2,2,0,1,1,0,10,400,2,0,7,0,0,0,0,1,64,6
"3825",4,3,2,2,2,4,3,1,0,1,1,0,15,400,3,0,8,0,0,1,0,1,638,0.5
"3826",5,1,7,1,2,5,1,2,1,1,1,0,11,400,4,2,7,1,0,3,0,1,36,2
"3838",7,4,1,1,2,7,4,2,1,3,2,0,13,400,4,3,6,0,0,0,0,1,26,1
"3840",7,1,1,2,2,9,2,2,1,3,2,0,8,400,1,3,7,0,0,1,0,3,31,2
"3844",3,4,1,2,2,3,5,2,0,1,1,0,16,400,1,1,7,0,0,3,0,1,35,0.5
"3848",10,5,6,2,3,11,1,2,0,3,2,0,7,400,4,3,8,0,0,0,0,1,53,1
"3849",10,2,3,2,5,10,3,1,1,3,2,0,8,400,4,2,7,0,0,0,0,1,31,1
"3852",6,3,5,2,5,6,3,2,1,3,2,0,8,400,4,0,7,0,0,2,0,1,41,1
"3861",2,2,7,2,1,2,3,2,1,2,1,0,15,400,4,0,8,0,0,3,0,1,64,1
"3862",12,1,6,2,3,12,3,2,1,2,1,0,1,400,3,1,8,0,0,0,0,3,61,1
"3868",9,4,3,2,3,9,4,2,1,3,2,0,14,400,3,2,7,0,0,1,0,1,43,0.5
"3882",12,3,1,2,1,3,2,1,1,5,2,0,9,400,4,2,3,0,0,0,0,1,21,6
"3884",8,3,5,1,4,8,4,2,1,1,1,0,7,400,1,0,7,1,0,0,0,1,37,1
"3887",8,3,5,2,5,8,3,2,1,3,2,0,10,400,2,2,8,0,0,0,0,1,49,2
"3890",7,2,7,1,2,7,3,2,0,3,2,0,2,400,1,1,8,0,0,3,0,1,41,1
"3913",4,1,1,2,2,5,1,2,1,3,2,0,3,400,3,3,8,0,0,3,0,1,46,2
"3919",11,3,3,2,2,11,4,1,1,3,2,0,13,400,1,2,5,0,0,0,4,2,25,1
"3937",7,2,7,2,1,7,2,1,1,3,2,0,14,400,4,3,5,0,0,0,0,1,27,0.5
"3940",4,4,1,2,4,4,5,1,1,2,1,0,5,400,2,0,7,0,0,3,0,1,36,1
"3954",11,1,6,1,5,11,2,1,1,2,1,0,2,400,2,2,7,0,0,2,0,1,27,1
"3968",10,1,4,2,1,10,2,1,0,1,1,0,8,400,2,0,7,0,0,3,0,1,28,1
"3974",6,4,5,2,2,7,1,1,1,1,1,0,7,500,1,0,6,0,0,0,3,1,32,1
"3979",2,4,7,2,5,4,5,2,1,3,2,0,9,400,1,2,5,0,0,0,0,1,22,1
"3980",8,1,6,2,5,8,2,2,1,3,2,0,6,400,1,1,8,0,0,0,0,1,51,2
"3981",8,1,6,2,4,8,2,2,0,3,2,0,4,400,1,1,8,0,0,3,0,1,55,2
"3985",4,2,6,2,3,4,2,2,1,1,1,0,14,400,4,0,6,0,0,0,0,1,32,0.5
"3986",3,5,3,2,3,4,1,2,0,2,1,0,16,400,4,1,5,0,0,3,0,1,29,1
"3987",5,5,1,2,3,6,1,1,1,2,1,0,11,400,3,2,1,0,0,0,4,2,27,6
"3989",12,1,5,2,1,12,1,1,1,2,1,0,10,400,4,1,6,0,0,2,0,1,338,6
"3990",7,4,2,1,1,9,1,2,1,3,2,0,5,400,1,2,5,0,0,0,0,1,36,1
"3997",3,1,4,2,5,3,1,2,1,3,2,0,3,400,3,2,6,0,0,0,0,1,538,1
"3998",7,4,1,2,1,7,4,2,0,1,1,0,14,400,2,1,6,0,0,0,0,1,28,1
"4000",11,4,3,2,2,11,5,2,1,1,1,0,15,400,2,0,8,0,0,0,0,1,74,0.5
"4002",12,1,1,1,3,12,1,2,0,1,1,0,9,400,4,0,8,0,0,3,0,1,638,2
"4011",8,3,5,2,5,8,3,2,1,3,2,0,7,400,1,2,8,0,0,3,0,1,45,1
"4015",4,1,4,2,1,4,2,2,0,3,2,0,14,400,3,2,7,0,0,0,0,1,41,1
"4017",3,5,3,2,2,4,2,1,1,1,1,0,3,400,1,1,7,0,0,0,0,1,33,1
"4022",11,5,3,2,4,12,3,2,0,2,1,0,1,400,3,1,8,0,0,1,0,1,43,0.5
"4035",7,3,3,1,1,7,4,2,1,2,1,0,1,400,2,2,7,0,0,3,0,1,41,1
"4040",3,2,5,2,5,4,5,2,0,1,1,0,16,400,2,0,7,0,0,1,0,1,29,2
"4051",7,4,1,2,2,7,4,2,0,2,1,0,6,400,3,2,6,0,0,3,0,1,338,6
"4056",5,1,3,2,4,5,1,2,1,3,2,0,12,400,1,2,7,0,0,1,0,1,438,2
"4059",12,3,3,2,4,12,5,2,1,3,2,0,6,400,1,2,5,0,0,1,0,1,39,1
"4060",9,3,7,2,2,9,3,2,1,2,1,0,7,400,3,2,6,0,0,0,4,2,35,1
"4066",5,1,4,2,3,6,1,2,1,2,1,0,9,400,4,2,7,0,0,0,0,1,37,2
"4079",12,4,4,2,4,1,2,2,0,1,1,0,4,400,4,1,8,0,0,2,0,1,67,2
"4082",7,2,2,2,3,8,3,1,1,2,1,0,10,400,4,1,7,0,0,0,0,1,42,0.5
"4085",11,3,4,2,2,11,4,2,0,1,1,0,12,400,3,0,7,0,0,0,0,1,438,1
"4097",9,5,3,2,1,10,1,2,1,3,2,0,3,400,1,2,7,0,0,0,0,1,38,2
"4098",7,4,4,2,4,7,4,2,0,1,1,0,2,400,4,1,5,0,0,0,0,1,23,1
"4108",10,4,4,2,4,10,4,2,0,3,2,0,3,400,1,2,7,0,0,0,0,1,45,2
"4111",7,2,7,2,1,7,2,3,1,2,1,0,4,400,1,1,8,0,0,0,0,1,56,1
"4114",7,3,2,1,5,8,2,1,1,1,1,0,4,400,1,0,6,0,0,0,4,2,35,1
"4122",6,2,6,2,3,6,3,1,1,3,2,0,12,400,2,1,6,0,0,1,0,1,338,1
"4126",10,3,7,2,3,10,3,2,1,1,1,0,4,400,3,1,6,0,0,1,0,1,29,0.5
"4128",10,3,7,1,2,10,3,2,0,2,1,0,7,400,4,1,7,0,0,3,0,1,38,1
"4141",1,5,6,2,1,1,5,2,0,1,1,0,16,400,2,0,8,0,0,3,0,1,42,6
"4147",1,3,3,2,5,1,3,2,1,2,1,0,6,400,1,1,6,0,0,1,4,2,438,2
"4149",3,3,3,1,3,3,4,2,1,1,1,0,2,400,2,2,6,0,0,0,0,1,39,2
"4151",4,4,6,2,1,4,4,2,1,1,1,0,3,400,3,2,7,0,0,2,0,1,43,1
"4153",3,4,5,2,1,3,4,2,1,2,1,0,5,400,4,2,5,0,0,2,4,2,32,1
"4154",3,4,7,2,5,3,5,2,1,2,1,0,6,400,3,2,6,0,0,3,0,1,35,1
"4156",11,2,2,2,2,11,3,1,1,2,1,0,13,400,2,1,6,0,0,0,0,1,27,1
"4157",6,4,6,2,2,6,4,2,0,1,1,0,12,400,1,2,7,0,0,3,0,1,42,0.5
"4163",9,1,1,2,1,9,2,2,1,1,1,0,8,400,2,1,7,0,0,2,0,1,29,1
"4164",7,2,3,2,5,7,3,2,0,1,1,0,15,400,4,0,8,0,0,0,0,1,46,0.5
"4173",5,1,3,1,2,5,4,2,0,2,1,0,11,400,2,2,6,0,0,0,0,1,53,1
"4176",12,2,1,2,2,2,2,2,0,1,1,0,10,400,4,0,7,0,0,0,0,1,37,1
"4187",12,2,5,2,4,1,2,1,1,3,2,0,6,400,1,2,6,0,0,1,0,1,39,1
"4189",1,2,1,2,2,1,2,2,1,1,1,0,6,400,1,3,6,0,0,0,0,1,26,2
"4190",1,3,5,2,1,1,3,2,1,2,1,0,11,400,1,2,7,0,0,0,0,1,33,1
"4201",1,3,7,2,5,1,3,2,1,1,1,0,1,400,1,1,6,0,0,0,0,1,32,1
"4205",2,1,6,2,2,2,2,2,1,3,2,0,16,400,4,2,7,0,0,1,0,1,838,0.5
"4206",2,2,2,2,3,2,2,2,1,2,1,0,15,400,3,2,7,0,0,3,0,1,53,2
"4213",3,2,1,1,4,3,4,1,1,2,1,0,9,400,2,1,6,0,0,0,0,3,31,1
"4217",5,2,4,2,2,5,4,2,0,2,1,0,7,400,4,2,8,0,0,3,0,1,51,1
"4224",1,5,6,2,4,2,1,2,1,3,2,0,7,400,3,2,6,0,0,1,0,1,33,1
"4235",1,2,3,2,5,1,5,2,1,2,1,0,9,400,4,2,8,0,0,2,0,1,52,1
"4241",8,4,7,2,1,8,5,2,1,1,1,0,13,400,3,2,8,0,0,2,0,1,65,1
"4244",9,5,3,2,1,10,1,2,1,3,2,0,11,400,3,2,8,0,0,0,0,1,45,6
"4248",4,3,2,2,2,4,3,2,1,3,2,0,5,400,1,2,7,0,0,0,0,1,538,1
"4253",3,2,5,2,5,3,2,2,1,3,2,0,13,400,4,2,6,0,0,2,0,1,31,2
"4258",10,4,2,2,2,10,4,2,1,3,2,0,10,400,3,2,7,0,0,0,0,1,39,6
"4260",5,4,4,2,1,6,2,2,0,2,1,0,13,400,3,0,8,0,0,0,0,1,47,1
"4261",7,1,7,1,3,7,1,2,1,2,1,0,3,400,4,2,5,0,0,0,0,1,23,1
"4269",6,2,5,2,3,6,3,2,1,2,1,0,3,400,1,3,4,0,0,3,0,1,33,6
"4270",6,4,2,2,2,6,4,1,1,3,2,0,13,400,4,1,7,0,0,0,0,1,338,1
"4271",9,1,2,2,5,9,2,2,0,1,1,0,11,400,2,1,8,0,0,3,0,1,52,0.5
"4273",10,1,2,1,2,10,1,1,1,2,1,0,16,400,2,1,6,0,0,0,0,1,27,6
"4285",10,2,1,2,2,11,4,1,1,1,1,0,14,400,2,2,6,0,0,0,0,1,338,2
"4287",7,2,3,2,3,7,2,1,1,4,2,0,1,400,2,1,8,0,0,2,0,1,53,0.5
"4289",7,1,3,2,4,7,3,1,1,1,1,0,3,400,4,3,7,0,0,2,0,1,48,1
"4294",4,1,6,2,5,4,2,2,0,3,2,0,6,400,4,1,7,0,0,1,0,1,28,2
"4308",5,4,1,2,3,5,4,2,0,1,1,0,8,400,2,1,7,0,0,0,0,1,43,2
"4315",11,2,1,2,4,1,3,2,0,2,1,0,12,400,1,2,7,0,0,2,0,1,338,2
"4318",11,2,3,2,1,11,3,1,1,3,2,0,11,400,2,1,6,0,0,2,0,1,28,1
"4320",12,4,1,2,1,1,1,1,1,2,1,0,4,400,3,1,7,0,0,3,2,1,35,1
"4321",3,4,2,2,2,4,2,2,1,2,1,0,4,400,2,0,7,0,0,1,0,1,28,2
"4328",3,1,2,2,2,3,1,2,1,2,1,0,5,400,4,3,6,0,0,3,0,1,27,1
"4329",5,4,5,2,2,5,5,2,0,5,2,0,7,400,4,1,8,0,0,0,0,1,55,6
"4331",4,3,1,2,1,4,3,1,1,2,1,0,13,400,4,2,6,0,0,0,0,1,26,1
"4332",10,2,6,2,2,10,3,2,1,2,1,0,16,400,1,0,8,0,0,3,0,1,47,2
"4335",11,4,1,2,2,11,4,2,1,2,1,0,11,400,2,0,8,0,0,0,0,1,73,2
"4337",6,5,3,2,3,6,5,2,1,3,2,0,16,400,2,2,8,0,0,2,0,1,68,1
"4343",7,3,2,2,4,7,3,1,0,1,1,0,15,400,2,1,6,0,0,2,2,2,22,1
"4344",8,3,3,2,2,8,4,2,1,2,1,0,7,400,2,0,7,0,0,0,0,1,42,2
"4346",5,3,3,2,3,5,3,1,1,3,2,0,14,400,1,1,6,0,0,0,0,1,49,6
"4351",6,1,6,2,2,6,2,2,0,1,1,0,8,400,3,2,8,0,0,0,0,1,61,2
"4353",5,1,4,2,1,5,2,2,0,2,1,0,16,400,1,2,8,0,0,3,0,1,52,1
"4364",11,3,5,2,2,11,4,2,0,2,1,0,11,400,2,2,6,0,0,2,0,1,31,2
"4365",11,2,5,2,2,11,4,2,1,1,1,0,6,400,3,1,6,0,0,1,0,1,31,1
"4377",3,3,5,2,1,3,4,2,1,3,2,0,2,400,2,0,8,0,0,1,0,1,53,1
"4384",8,1,2,2,3,8,1,2,1,2,1,0,13,400,4,2,7,0,0,2,0,1,438,1
"4395",11,4,1,2,4,11,4,1,1,3,2,0,8,400,1,2,7,0,0,2,0,1,33,2
"4415",5,4,7,2,1,12,1,1,0,2,1,0,6,400,4,3,7,0,0,3,0,1,29,1
"4424",5,5,7,2,4,6,1,1,0,1,1,0,2,400,3,1,7,0,0,3,0,1,32,1
"4439",2,1,4,2,4,2,1,2,1,3,2,0,8,400,3,3,7,0,0,0,0,1,43,1
"4441",4,4,1,2,3,4,4,2,1,1,1,0,2,400,4,0,1,0,0,0,0,1,28,6
"4445",11,2,5,2,1,11,2,2,1,1,1,0,2,400,2,1,8,0,0,3,0,1,76,2
"4447",6,2,3,2,5,6,3,1,0,2,1,0,5,400,4,2,6,0,0,0,0,1,31,1
"4458",12,2,6,2,1,12,2,2,0,2,1,0,13,400,3,2,7,1,0,0,4,2,26,1
"4463",4,4,5,2,5,4,4,2,1,1,1,0,7,400,4,0,7,0,0,0,0,1,338,0.5
"4469",12,1,6,2,1,12,1,2,0,2,1,0,4,400,1,0,7,0,0,2,0,1,54,1
"4471",9,1,5,2,1,9,1,3,1,2,1,0,11,400,2,1,7,0,0,0,2,1,37,1
"4473",11,3,5,2,3,11,4,1,1,1,1,0,3,400,2,0,6,0,0,3,0,1,28,1
"4474",8,3,4,2,3,8,5,2,1,3,2,0,10,400,3,2,6,0,0,0,0,1,34,1
"4477",7,1,2,2,3,7,1,1,1,1,1,0,16,400,4,2,7,0,0,3,0,1,57,1
"4481",3,4,4,2,2,4,2,2,0,1,1,0,12,400,1,2,8,0,0,1,0,1,49,1
"4485",11,4,6,1,5,12,1,2,1,1,1,0,13,400,2,1,7,0,0,3,0,1,67,2
"4489",12,2,4,2,1,12,3,1,1,2,1,0,12,400,4,0,5,0,0,0,0,1,25,1
"4492",12,5,3,2,3,12,5,1,1,3,2,0,13,400,2,3,6,0,0,3,2,2,33,2
"4494",6,4,3,2,3,6,4,2,1,3,2,0,6,500,4,2,7,0,0,1,3,1,39,1
"4503",7,3,1,1,3,7,3,2,1,7,3,0,12,400,4,2,6,0,0,0,0,1,43,6
"4507",5,4,1,1,1,5,4,2,1,2,1,0,6,400,4,2,7,0,0,3,0,1,43,2
"4513",7,1,5,2,3,7,1,2,1,3,2,0,5,400,4,2,7,0,0,3,0,1,32,1
"4515",9,3,5,2,1,9,3,2,1,3,2,0,10,400,1,0,8,0,0,3,4,2,46,2
"4516",12,3,7,2,1,12,3,1,1,2,1,0,8,400,4,0,5,0,0,0,0,1,21,1
"4520",6,5,4,2,2,7,1,2,0,2,1,0,1,400,1,1,6,0,0,2,0,1,29,1
"4529",12,3,2,2,4,12,4,2,1,3,2,0,16,400,3,2,7,0,0,2,0,1,39,1
"4532",5,1,6,2,5,5,2,1,1,3,2,0,6,400,2,1,5,0,0,0,0,1,32,1
"4536",9,5,4,2,4,9,5,2,1,3,2,0,15,400,3,1,7,0,0,3,0,1,49,2
"4540",2,4,5,2,1,2,5,2,1,3,2,0,8,400,4,2,8,0,0,1,0,1,58,2
"4545",4,3,7,2,1,4,3,2,1,2,1,0,3,400,3,1,7,0,0,0,0,3,26,2
"4551",12,4,4,2,2,12,4,2,1,1,1,0,7,400,2,2,8,0,0,0,0,1,59,1
"4567",12,4,2,2,2,12,4,1,1,3,2,0,9,400,4,3,5,1,0,0,0,1,31,1
"4568",12,4,2,2,2,12,4,1,1,2,1,0,14,400,2,0,6,0,0,0,0,1,33,1
"4573",5,4,4,2,5,5,4,1,1,2,1,0,15,500,4,0,7,0,0,0,3,1,33,1
"4575",7,4,5,2,1,8,1,2,1,2,1,0,12,400,1,0,8,0,0,3,0,1,54,3
"4582",11,2,6,1,2,11,3,1,1,2,1,0,11,400,4,2,6,0,0,0,0,1,35,2
"4585",11,3,2,2,3,11,3,2,1,1,1,0,14,400,3,0,7,0,0,0,0,1,42,2
"4593",9,3,5,2,1,10,1,2,1,3,2,0,8,400,1,2,7,0,0,1,0,1,42,1
"4595",5,4,2,2,3,5,4,2,1,2,1,0,9,400,2,2,7,0,0,3,0,1,36,2
"4599",10,4,3,2,3,12,2,2,1,2,1,0,1,400,1,2,6,0,0,0,0,1,438,1
"4605",7,2,2,2,4,7,2,1,0,2,1,0,8,400,1,1,6,0,0,0,0,1,26,3
"4609",12,2,3,2,3,12,2,2,1,2,1,0,1,400,3,2,7,0,0,2,0,1,41,2
"4613",12,3,2,1,3,12,4,2,0,2,1,0,3,700,4,0,8,0,0,2,0,1,63,1
"4615",9,1,7,2,3,11,1,2,1,3,2,0,9,400,2,2,5,0,0,0,0,1,29,2
"4623",2,3,2,2,3,2,3,2,0,3,2,0,10,400,1,2,6,0,0,0,0,1,33,2
"4632",1,4,6,1,1,1,4,2,1,3,2,0,13,400,1,2,7,0,0,0,0,1,36,1
"4640",1,2,6,2,4,1,3,2,1,3,2,0,7,400,2,2,7,0,0,0,0,1,26,2
"4641",3,2,7,2,1,3,2,2,1,3,2,0,5,400,2,2,8,0,0,2,0,1,55,1
"4646",1,2,6,2,3,1,4,2,0,2,1,0,5,400,2,0,1,0,0,0,0,1,59,6
"4653",1,2,4,2,2,2,2,1,1,1,1,0,2,400,4,2,7,0,0,1,0,1,44,0.5
"4656",5,4,1,2,4,6,4,2,1,2,1,0,16,400,2,2,8,0,0,0,0,1,51,1
"4657",12,2,3,1,3,12,4,2,1,2,1,0,5,400,2,0,5,0,0,0,0,1,24,3
"4665",2,1,4,2,5,2,1,1,1,3,2,0,4,400,4,2,7,0,0,3,0,1,34,1
"4667",1,3,6,2,1,1,3,2,1,2,1,0,6,400,3,2,6,0,0,0,0,3,35,3
"4670",2,2,4,2,4,2,2,1,1,2,1,0,4,400,3,0,5,0,0,2,0,1,22,0.5
"4673",9,3,7,2,3,1,3,2,1,2,1,0,10,400,3,2,8,0,0,1,0,1,37,1
"4676",3,3,2,2,4,3,3,2,1,1,1,0,7,400,1,1,8,0,0,2,0,1,59,6
"4680",4,1,7,2,1,4,2,2,1,3,2,0,14,400,3,1,6,0,0,0,0,1,33,2
"4684",12,3,2,2,3,1,1,2,1,3,2,0,16,400,3,3,8,0,0,0,0,1,36,1
"4691",1,1,2,2,6,1,2,2,1,3,2,0,2,400,4,2,6,0,0,0,0,1,54,1
"4692",1,1,4,2,1,1,2,1,1,3,2,0,14,400,1,3,6,0,0,3,0,1,26,1
"4693",1,2,7,2,5,1,3,2,1,2,1,0,7,400,2,2,8,0,0,0,0,1,638,2
"4694",1,2,2,2,3,1,2,1,1,3,2,0,14,400,3,3,6,0,0,2,0,1,26,1
"4697",2,4,5,2,5,2,4,1,1,2,1,0,10,400,2,0,6,0,0,3,0,1,35,1
"4699",3,2,2,2,2,3,2,1,0,2,1,0,16,400,3,1,6,0,0,0,0,1,31,2
"4700",7,4,2,2,3,8,1,2,0,1,1,0,1,400,1,1,6,0,0,1,0,1,36,2
"4703",1,1,1,2,3,2,2,2,1,3,2,0,12,400,3,3,7,0,0,2,0,1,55,1
"4710",2,2,1,2,3,2,3,1,0,2,1,0,4,400,3,0,7,0,0,0,0,1,42,1
"4715",7,4,2,2,5,7,5,1,0,2,1,0,8,400,1,2,6,0,0,3,0,1,33,1
"4717",6,5,4,1,2,7,1,1,1,2,1,0,15,400,1,1,6,0,0,0,0,1,39,2
"4729",10,3,5,2,3,10,3,2,0,2,1,0,7,700,3,2,7,0,0,0,0,1,36,1
"4733",2,4,6,1,4,3,1,2,0,3,2,0,11,400,4,0,7,0,0,3,0,1,52,2
"4743",9,4,2,2,2,9,4,1,1,3,2,0,6,500,1,2,7,0,0,0,2,2,41,2
"4748",10,2,6,2,1,10,2,1,0,2,1,0,12,400,1,0,7,0,0,1,0,1,32,1
"4758",3,4,7,2,4,4,2,2,1,2,1,0,10,400,3,2,6,0,0,1,0,1,28,1
"4759",2,2,6,2,4,3,1,2,1,2,1,0,1,400,2,2,7,0,0,3,0,1,42,1
"4760",2,2,3,2,3,2,2,1,1,1,1,0,12,400,3,1,1,0,0,0,0,1,38,6
"4765",5,1,4,2,5,6,2,1,1,2,1,0,7,400,2,1,7,0,0,0,0,1,29,2
"4767",1,2,7,1,1,2,3,1,1,2,1,0,15,400,2,2,6,0,0,0,0,1,33,2
"4771",3,3,5,2,3,3,4,2,1,2,1,0,3,400,1,2,8,0,0,1,0,1,39,2
"4772",4,3,5,2,2,4,4,2,0,2,1,0,10,400,4,1,8,0,0,3,0,1,47,2
"4774",5,1,1,2,2,5,1,2,1,1,1,0,15,400,4,3,6,0,0,0,0,1,39,2
"4781",7,1,6,2,1,7,2,1,1,3,2,0,7,700,1,3,7,0,0,2,0,1,33,2
"4787",7,1,4,2,2,7,3,2,0,1,1,0,10,400,4,1,7,0,0,0,0,1,31,1
"4794",11,1,5,2,5,11,1,1,1,3,2,0,10,400,2,3,6,0,0,1,0,1,33,1
"4796",10,4,1,2,1,11,2,2,1,1,1,0,4,400,2,2,8,0,0,3,0,1,59,2
"4799",6,2,5,2,5,6,2,2,1,7,3,0,9,400,3,1,7,0,0,3,0,1,55,6
"4807",2,3,1,2,2,2,3,2,1,3,2,0,15,400,1,3,7,0,0,3,0,1,43,1
"4809",10,3,5,2,2,1,4,2,1,2,1,0,13,400,1,1,8,0,0,0,0,1,54,1
"4810",5,2,5,2,6,5,3,2,1,1,1,0,5,400,2,0,8,0,0,2,0,1,72,1
"4814",8,2,3,1,3,8,4,4,1,3,2,0,1,400,3,2,8,0,0,3,0,1,55,6
"4815",3,3,3,2,3,3,3,2,1,3,2,0,4,400,3,2,7,0,0,0,0,1,53,2
"4822",11,3,3,2,3,11,3,2,0,1,1,0,3,400,4,1,8,0,0,3,0,1,68,2
"4833",3,2,7,2,1,4,2,2,1,3,2,0,12,400,4,1,7,0,0,2,0,1,42,2
"4851",1,3,4,2,5,3,4,2,1,3,2,0,5,400,3,2,6,0,0,0,0,1,27,1
"4854",8,4,7,1,3,8,5,2,0,1,1,0,13,400,3,1,8,0,0,0,0,1,78,1
"4855",8,4,1,1,2,8,4,1,0,1,1,0,6,400,2,2,1,0,0,0,0,1,32,6
"4878",7,4,1,2,1,7,4,1,1,2,1,0,11,400,2,0,6,0,0,2,0,1,34,1
"4880",1,2,5,1,6,1,3,2,1,2,1,0,11,400,2,0,7,0,0,0,0,1,55,0.5
"4884",8,2,3,1,4,8,3,2,1,2,1,0,4,400,2,0,7,0,0,0,0,1,438,3
"4886",4,2,3,2,3,4,2,2,0,2,1,0,11,400,1,0,8,0,0,0,0,1,55,1
"4890",12,3,4,2,4,1,3,2,1,2,1,0,15,400,3,1,6,0,0,2,4,2,26,1
"4896",7,2,4,1,2,10,1,1,1,3,2,0,8,400,2,3,5,0,0,1,0,1,24,2
"4900",4,2,1,2,4,4,4,2,1,2,1,0,11,400,2,0,6,0,0,2,0,1,27,6
"4903",8,2,2,2,2,8,3,2,1,3,2,0,16,400,3,0,6,0,0,0,0,1,26,1
"4908",9,2,1,2,2,9,2,2,0,2,1,0,11,400,3,2,8,0,0,3,0,3,62,5
"4910",6,1,7,2,2,6,1,2,1,1,1,0,15,400,2,1,7,0,0,0,0,1,538,1
"4913",11,5,2,2,3,11,5,2,1,3,2,0,14,400,3,2,5,0,0,0,0,1,53,2
"4915",4,4,1,2,2,4,4,2,1,3,2,0,2,400,1,2,8,0,0,3,0,1,65,1
"4926",3,4,1,2,4,3,5,2,1,3,2,0,16,400,1,3,8,0,0,2,0,1,64,5
"4927",12,2,3,2,2,12,2,2,1,2,1,0,12,700,4,1,7,0,0,3,0,1,27,1
"4930",6,2,7,2,3,6,4,2,1,3,2,0,8,400,4,1,8,0,0,0,0,1,63,1
"4942",10,3,6,2,1,10,3,2,1,2,1,0,11,400,2,2,6,0,0,2,0,1,29,1
"4948",10,1,1,1,2,10,1,2,1,2,1,0,16,400,4,2,6,0,0,1,0,1,29,1
"4951",4,2,4,2,5,4,2,1,1,3,2,0,15,400,3,2,1,0,0,0,0,1,38,6
"4955",8,4,3,2,3,8,5,2,1,3,2,0,8,400,1,3,6,0,0,3,0,1,34,1
"4961",7,2,4,2,4,7,2,2,0,1,1,0,10,400,4,3,8,0,0,3,0,1,43,1
"4963",9,5,4,2,2,10,1,2,0,2,1,0,11,400,3,2,7,1,0,0,0,1,54,1
"4974",1,2,3,2,3,1,3,2,1,1,1,0,5,400,2,0,7,0,0,3,0,1,53,1
"4982",9,4,5,2,5,9,4,2,0,2,1,0,11,400,4,2,2,0,0,3,0,1,23,1
"4999",5,4,2,2,2,5,4,3,0,1,1,0,9,400,2,0,7,0,0,0,0,1,37,1
"5001",9,2,7,2,2,9,2,1,1,2,1,0,1,400,2,0,7,0,0,3,0,1,338,2
"5015",11,3,4,2,3,12,3,2,0,3,2,0,13,400,1,2,7,0,0,3,0,1,438,1
"5020",11,4,5,2,1,11,4,2,1,3,2,0,10,400,3,0,6,1,0,3,0,1,27,1
"5023",7,1,6,2,3,7,1,2,0,2,1,0,9,400,3,1,6,0,0,1,0,1,438,1
"5024",9,4,3,2,3,9,4,1,1,2,1,0,6,400,3,1,7,0,0,0,0,1,58,0.5
"5028",5,1,3,2,5,5,1,2,1,2,1,0,11,400,1,0,7,0,0,1,0,1,34,2
"5029",5,2,7,2,1,5,2,2,1,2,1,0,4,400,2,3,8,0,0,0,0,1,41,3
"5039",6,2,4,1,5,6,2,1,0,3,2,0,7,400,4,0,6,0,0,3,0,1,27,1
"5044",6,4,7,1,1,6,4,1,1,3,2,0,11,400,2,3,1,0,0,0,0,1,38,6
"5045",10,2,5,2,1,10,3,2,0,2,1,0,4,400,3,1,5,0,0,2,0,1,35,2
"5048",8,4,7,2,5,9,1,2,1,3,2,0,10,400,3,0,7,0,0,0,0,1,438,3
"5052",12,2,3,2,3,12,2,2,1,3,2,0,2,400,3,2,5,0,0,0,0,1,438,1
"5054",11,1,4,2,1,11,3,2,1,2,1,0,15,400,3,0,7,0,0,3,0,1,34,2
"5057",8,2,4,2,5,8,2,1,0,2,1,0,10,400,1,2,7,0,0,3,0,1,44,1
"5059",1,2,5,2,5,1,2,2,1,2,1,0,8,400,1,1,8,0,0,3,0,1,37,2
"5061",6,2,5,2,2,6,2,2,1,3,2,0,16,400,4,2,7,0,0,2,0,1,38,1
"5064",12,1,5,2,5,12,1,1,0,2,1,0,2,400,3,3,5,0,0,1,0,1,34,6
"5070",11,3,3,2,1,11,3,2,1,3,2,0,4,400,3,0,7,0,0,0,0,1,43,1
"5076",9,5,5,2,1,10,1,1,0,2,1,0,14,400,3,2,6,0,0,2,0,1,35,2
"5077",5,4,6,2,1,5,4,2,1,3,2,0,7,400,3,3,7,0,0,0,0,1,47,1
"5080",1,2,5,2,2,1,3,1,0,3,2,0,16,400,1,3,5,0,0,0,0,1,338,1
"5081",10,3,4,2,3,11,1,2,1,3,2,0,13,400,3,3,7,0,0,0,0,1,44,2
"5090",11,2,1,2,3,11,2,1,1,3,2,0,6,400,2,1,6,0,0,0,0,1,34,1
"5104",8,5,1,2,5,9,4,1,1,3,2,0,16,400,4,2,6,0,0,0,0,1,29,1
"5105",5,2,1,2,4,5,2,2,0,1,1,0,9,400,2,0,6,0,0,3,0,1,45,2
"5106",7,3,1,2,1,7,5,2,1,1,1,0,10,400,2,1,8,0,0,2,0,1,52,1
"5108",1,4,5,2,2,2,2,2,0,2,1,0,10,400,1,2,8,0,0,3,0,3,59,0.5
"5116",12,3,1,2,1,1,2,1,1,3,2,0,3,400,2,1,3,0,0,0,0,1,55,1
"5123",7,4,3,2,5,8,1,2,0,1,1,0,14,500,4,0,8,0,0,0,3,1,638,0.5
"5124",11,1,5,2,2,11,2,2,1,3,2,0,15,400,1,1,8,0,0,0,0,1,53,1
"5128",10,5,6,2,4,11,1,2,0,2,1,0,8,400,2,0,8,0,0,0,0,1,37,1
"5132",10,4,1,2,5,10,4,2,0,2,1,0,9,400,3,1,8,0,0,1,0,1,51,1
"5135",2,4,3,2,1,2,4,1,1,1,1,0,12,400,3,1,7,0,0,1,0,1,34,2
"5138",8,4,7,2,1,8,4,2,0,1,1,0,13,400,4,2,5,0,0,1,0,1,538,1
"5141",9,4,2,2,2,9,4,2,1,2,1,0,10,400,2,1,8,0,0,0,0,1,36,1
"5142",6,2,7,2,3,6,4,2,1,1,1,0,12,400,4,3,6,0,0,2,0,1,77,3
"5144",2,2,2,2,2,2,2,2,1,3,2,0,9,400,1,2,6,0,0,2,0,1,42,1
"5168",1,1,4,2,4,1,2,1,0,1,1,0,8,400,3,0,1,0,0,0,0,1,38,6
"5175",12,1,1,2,4,12,2,2,0,1,1,0,6,400,4,0,2,0,0,3,0,1,34,1
